school_state,resource_type,poverty_level,date_posted,total_donations
AZ,Books,high,2010-11-12,221.01
ME,Technology,high,2010-09-21,30.0
CO,Other,high,2010-11-09,278.62
IL,Technology,high,2010-09-01,529.05
WA,Books,high,2010-10-30,874.66
MO,Other,high,2010-06-21,412.03
MI,Supplies,high,2010-08-09,398.24
CA,Supplies,high,2010-08-09,398.24
IL,Technology,high,2010-10-12,439.85
CA,Supplies,high,2010-06-21,170.75
FL,Books,high,2010-11-02,518.49
CA,Books,high,2010-10-09,656.31
CA,Technology,high,2010-11-07,532.93
CA,Technology,high,2010-11-07,373.95
FL,Other,high,2010-10-21,290.35
PA,Technology,high,2010-08-20,412.33
CA,Books,low,2010-11-07,356.85
DC,Books,low,2010-11-07,356.85
TX,Books,low,2010-11-07,356.85
CA,Books,high,2010-09-15,718.96
CT,Supplies,high,2010-07-14,636.06
CA,Supplies,high,2010-07-14,636.06
KS,Technology,high,2010-09-08,468.04
VA,Technology,high,2010-10-06,100.0
CA,Supplies,high,2010-10-21,1037.34
DE,Supplies,low,2010-10-21,221.55
CA,Supplies,low,2010-10-21,221.55
CA,Supplies,low,2010-10-21,221.55
NY,Books,high,2010-09-14,290.2
AZ,Other,high,2010-10-03,1053.92
CA,Other,high,2010-10-03,1053.92
OH,Other,high,2010-10-03,1053.92
CA,Other,high,2010-10-03,1053.92
CA,Other,high,2010-10-03,1053.92
CA,Other,high,2010-10-03,1053.92
MA,Books,low,2010-09-29,387.65
CA,Books,low,2010-09-29,387.65
DC,Books,high,2010-08-27,547.4
CA,Books,high,2010-08-27,547.4
MD,Books,high,2010-09-04,556.75
CA,Books,high,2010-09-04,556.75
IL,Technology,low,2010-09-13,24.0
CA,Supplies,high,2010-10-08,405.96
CA,Technology,high,2010-09-14,65.0
TX,Books,high,2010-10-31,283.47
CA,Technology,low,2010-09-25,131.0
CA,Other,high,2010-08-04,245.45
CA,Books,high,2010-09-25,202.44
CA,Other,low,2010-09-28,330.26
CA,Supplies,high,2010-10-08,237.21
CA,Supplies,high,2010-10-08,237.21
CA,Supplies,high,2010-10-08,237.21
CA,Supplies,high,2010-10-08,237.21
CA,Technology,high,2010-11-04,550.0
CA,Supplies,high,2010-09-30,1498.38
CA,Supplies,high,2010-09-30,1498.38
CA,Supplies,high,2010-09-30,1498.38
CA,Supplies,high,2010-09-30,1498.38
CA,Books,high,2010-09-21,1042.4
CA,Technology,low,2010-10-31,617.85
CA,Technology,low,2010-10-26,1167.99
CA,Technology,low,2010-10-26,1167.99
DE,Technology,low,2010-10-26,1167.99
CA,Technology,low,2010-10-26,1167.99
CA,Technology,low,2010-10-26,1167.99
CA,Technology,low,2010-10-26,1167.99
CA,Technology,low,2010-10-26,1167.99
CA,Technology,low,2010-10-26,1167.99
CA,Technology,low,2010-10-26,1167.99
CA,Technology,low,2010-10-26,1167.99
CA,Technology,low,2010-10-26,1167.99
CA,Technology,low,2010-10-26,1167.99
CA,Technology,low,2010-10-26,1167.99
CA,Technology,low,2010-10-26,1167.99
CA,Technology,low,2010-10-26,1167.99
CA,Technology,high,2010-11-03,246.36
CA,Technology,high,2010-10-12,705.63
CA,Supplies,high,2010-11-03,387.22
CA,Supplies,high,2010-08-26,1093.32
CA,Supplies,high,2010-08-26,1093.32
CA,Supplies,high,2010-08-26,1093.32
OR,Technology,low,2010-10-21,190.8
CA,Supplies,high,2010-09-16,166.99
CA,Technology,low,2010-10-30,646.77
CA,Technology,low,2010-10-30,646.77
CA,Technology,low,2010-10-30,646.77
CA,Technology,low,2010-10-24,324.06
CA,Supplies,high,2010-09-18,3.0
CA,Books,high,2010-08-22,456.73
CA,Books,high,2010-08-22,456.73
CA,Books,high,2010-09-27,914.18
CA,Technology,high,2010-09-10,597.37
CA,Other,high,2010-10-05,336.95
CA,Other,high,2010-10-05,336.95
CA,Supplies,high,2010-10-17,371.01
CA,Supplies,high,2010-10-04,683.26
CA,Supplies,high,2010-10-26,583.05
CA,Supplies,low,2010-10-22,225.76
CA,Supplies,low,2010-10-22,225.76
CA,Other,high,2010-10-27,392.13
CA,Supplies,high,2010-06-21,686.68
CA,Supplies,high,2010-10-20,908.58
CA,Books,high,2010-10-25,541.32
CA,Books,high,2010-10-25,541.32
CA,Books,high,2010-10-23,343.13
CA,Books,high,2010-10-23,343.13
CA,Books,high,2010-10-23,343.13
CA,Books,high,2010-10-23,343.13
CA,Supplies,high,2010-10-14,386.31
CA,Supplies,high,2010-10-14,386.31
CA,Supplies,high,2010-10-14,386.31
CA,Supplies,high,2010-10-14,386.31
CA,Books,high,2010-10-20,313.47
CA,Books,high,2010-10-20,313.47
CA,Other,high,2010-10-30,493.09
CA,Books,low,2010-10-20,950.67
CA,Technology,high,2010-09-20,135.0
CA,Books,high,2010-10-31,437.89
CA,Supplies,high,2010-10-16,410.53
CA,Technology,high,2010-10-15,480.02
CA,Supplies,high,2010-10-14,371.36
CA,Technology,high,2010-06-28,2853.89
CA,Technology,high,2010-06-28,2853.89
CA,Technology,high,2010-06-28,2853.89
CA,Technology,high,2010-06-28,2853.89
CT,Technology,high,2010-06-28,2853.89
LA,Technology,high,2010-06-28,2853.89
NY,Technology,high,2010-06-28,2853.89
CA,Technology,low,2010-07-24,145.0
CA,Books,low,2010-10-15,410.25
CA,Supplies,high,2010-10-22,553.42
CA,Supplies,high,2010-07-24,455.26
CA,Technology,high,2010-08-23,583.65
CA,Other,high,2010-09-19,555.5
CA,Technology,low,2010-09-05,402.04
CA,Books,high,2010-09-20,669.24
CA,Supplies,high,2010-10-21,874.87
CA,Supplies,high,2010-10-25,537.19
CA,Supplies,high,2010-06-21,509.76
CA,Supplies,high,2010-06-21,509.76
CA,Supplies,high,2010-09-30,325.0
CA,Technology,high,2010-10-27,50.0
CA,Supplies,high,2010-09-05,444.69
CA,Supplies,high,2010-09-23,379.84
CA,Technology,high,2010-10-15,179.18
CA,Technology,high,2010-10-15,179.18
CA,Other,minimal,2010-10-25,499.93
CA,Supplies,low,2010-10-20,565.18
AZ,Technology,low,2010-09-20,413.52
CA,Supplies,high,2010-10-25,609.2
NJ,Supplies,high,2010-06-06,155.0
CA,Supplies,high,2010-06-06,155.0
CA,Books,high,2010-10-25,814.93
CA,Books,high,2010-10-23,248.51
CA,Supplies,high,2010-09-18,413.89
CA,Supplies,high,2010-10-14,183.1
CA,Books,high,2010-10-17,615.06
CA,Technology,high,2010-09-05,585.98
CA,Supplies,high,2010-09-17,347.13
CA,Technology,high,2010-10-13,731.4
CA,Supplies,high,2010-09-01,303.48
CA,Technology,low,2010-09-19,511.94
CA,Technology,low,2010-09-19,511.94
CA,Technology,high,2010-10-25,426.89
CA,Other,high,2010-09-10,250.96
CA,Supplies,high,2010-08-25,504.42
CA,Books,high,2010-05-27,479.41
CA,Books,high,2010-05-27,479.41
CA,Other,low,2010-09-20,179.22
CA,Technology,high,2010-10-05,938.47
CA,Technology,high,2010-10-05,938.47
TX,Supplies,high,2010-10-21,269.76
TX,Supplies,high,2010-10-21,269.76
CA,Supplies,high,2010-10-21,269.76
TX,Other,high,2010-09-28,201.88
TX,Supplies,high,2010-10-10,494.49
CA,Technology,high,2010-10-18,309.89
CA,Supplies,high,2010-09-27,140.0
TX,Technology,high,2010-09-08,893.66
CA,Technology,high,2010-10-23,315.13
CA,Books,high,2010-09-03,426.89
CA,Other,high,2010-09-24,571.16
CA,Other,high,2010-09-24,571.16
CA,Books,high,2010-05-27,195.72
CA,Supplies,low,2010-10-10,209.2
CA,Supplies,high,2010-10-07,509.79
CA,Supplies,high,2010-10-07,509.79
CA,Technology,high,2010-10-17,188.09
CA,Other,high,2010-10-20,514.76
CA,Other,high,2010-10-20,514.76
NY,Technology,high,2010-09-25,165.0
CA,Supplies,high,2010-09-25,187.99
CA,Technology,high,2010-09-25,700.42
CA,Technology,high,2010-09-25,700.42
NY,Supplies,high,2010-09-24,667.31
CA,Supplies,high,2010-09-24,667.31
NV,Supplies,low,2010-09-10,527.79
CA,Supplies,low,2010-09-10,527.79
CA,Supplies,low,2010-09-10,527.79
CA,Books,high,2010-09-28,170.0
FL,Books,high,2010-10-08,326.81
CA,Technology,low,2010-09-10,45.0
CA,Technology,low,2010-09-10,45.0
CA,Supplies,high,2010-10-12,171.69
CA,Books,low,2010-09-22,553.08
CA,Books,low,2010-09-22,553.08
CA,Supplies,high,2010-10-16,534.73
CA,Other,high,2010-08-31,548.75
TX,Other,high,2010-08-31,548.75
CA,Technology,high,2010-10-10,25.0
CA,Other,high,2010-10-13,188.27
CA,Books,high,2010-10-07,494.36
CA,Books,high,2010-10-07,494.36
CA,Books,high,2010-10-07,494.36
CA,Books,high,2010-10-17,205.04
CA,Books,low,2010-10-18,297.64
CA,Books,high,2010-10-10,414.15
CA,Books,high,2010-10-10,414.15
CA,Supplies,high,2010-09-21,518.67
CA,Supplies,high,2010-09-21,518.67
CA,Other,low,2010-09-12,327.09
CA,Books,high,2010-10-16,190.38
CA,Books,high,2010-10-16,190.38
CA,Books,high,2010-10-04,508.95
CA,Books,high,2010-10-04,508.95
CA,Technology,high,2010-10-12,938.54
CA,Technology,high,2010-10-12,938.54
CA,Other,low,2010-09-29,362.35
CA,Supplies,high,2010-09-21,335.22
CA,Technology,low,2010-09-08,275.0
CA,Other,high,2010-06-16,385.21
CA,Supplies,high,2010-08-30,65.0
CA,Technology,low,2010-05-21,392.32
CA,Other,minimal,2010-09-22,557.05
CA,Other,minimal,2010-09-22,557.05
CA,Other,low,2010-08-17,163.07
CA,Books,high,2010-09-04,761.22
CA,Books,high,2010-10-10,728.52
CA,Other,high,2010-10-17,268.76
CA,Technology,high,2010-10-03,958.83
CA,Technology,low,2010-08-17,2431.94
CA,Other,high,2010-10-17,205.92
CA,Supplies,high,2010-10-17,175.8
CA,Books,high,2010-10-01,401.62
CA,Books,high,2010-10-01,401.62
CA,Books,high,2010-10-01,401.62
CA,Supplies,high,2010-09-08,603.76
CA,Supplies,high,2010-09-08,603.76
CA,Supplies,low,2010-10-04,1138.93
CA,Supplies,high,2010-09-29,161.02
CA,Technology,high,2010-10-07,960.93
CA,Books,high,2010-10-17,184.54
CA,Books,high,2010-08-07,174.68
CA,Books,high,2010-08-07,174.68
CA,Supplies,high,2010-09-30,422.02
CA,Supplies,high,2010-09-30,422.02
CA,Technology,high,2010-10-06,809.53
CA,Technology,high,2010-10-06,809.53
CA,Supplies,high,2010-09-28,332.17
CA,Technology,high,2010-09-20,678.12
CA,Supplies,high,2010-10-07,996.84
CA,Supplies,high,2010-09-05,1087.71
CA,Technology,high,2010-09-23,945.38
CA,Technology,high,2010-09-23,945.38
CA,Technology,high,2010-09-23,945.38
NC,Technology,low,2010-08-22,802.69
TX,Books,high,2010-10-10,532.45
CA,Supplies,high,2010-08-12,591.25
CA,Supplies,high,2010-10-09,358.72
CA,Supplies,high,2010-10-09,358.72
CA,Supplies,high,2010-10-09,358.72
CA,Books,low,2010-10-06,434.0
CA,Books,low,2010-10-06,434.0
CA,Books,low,2010-10-06,434.0
CA,Books,low,2010-10-06,434.0
CA,Books,high,2010-10-01,331.34
CA,Books,high,2010-10-01,331.34
CA,Books,high,2010-10-01,331.34
AZ,Supplies,high,2010-10-09,190.71
CA,Supplies,high,2010-06-02,1067.45
CA,Supplies,high,2010-06-30,809.03
CA,Books,high,2010-08-31,401.64
CA,Supplies,high,2010-06-28,472.14
CA,Supplies,high,2010-06-28,472.14
CA,Technology,high,2010-10-12,150.0
CA,Other,low,2010-08-23,440.28
CA,Other,high,2010-09-24,456.81
CA,Books,high,2010-09-16,1020.06
CA,Technology,high,2010-10-10,644.11
CA,Technology,high,2010-10-10,644.11
CA,Technology,high,2010-10-10,644.11
CA,Supplies,high,2010-08-02,880.88
CA,Supplies,low,2010-07-30,307.4
CA,Other,high,2010-06-12,365.72
CA,Supplies,high,2010-09-30,518.2
CA,Supplies,high,2010-08-06,463.1
CA,Supplies,high,2010-10-10,411.24
CA,Supplies,high,2010-09-06,407.55
CA,Supplies,high,2010-08-30,359.87
CA,Supplies,high,2010-08-30,359.87
CA,Supplies,high,2010-09-01,492.85
CA,Other,low,2010-09-23,434.46
CA,Supplies,high,2010-10-07,549.94
NY,Supplies,high,2010-10-07,549.94
CA,Supplies,high,2010-10-07,549.94
CA,Supplies,high,2010-10-07,207.23
CA,Technology,minimal,2010-08-31,551.74
CA,Technology,high,2010-09-16,35.0
CA,Books,low,2010-10-05,704.78
CA,Books,low,2010-10-05,704.78
CA,Supplies,high,2010-09-29,550.52
CA,Technology,high,2010-10-05,445.66
CA,Technology,high,2010-10-05,445.66
CA,Technology,high,2010-08-27,578.99
CA,Books,high,2010-09-15,377.69
CA,Technology,high,2010-06-15,724.57
CA,Technology,high,2010-06-15,724.57
FL,Technology,high,2010-06-15,724.57
CA,Technology,high,2010-06-15,724.57
CA,Supplies,high,2010-09-05,374.33
CA,Supplies,high,2010-09-05,346.73
CA,Books,high,2010-10-06,683.57
CA,Supplies,high,2010-09-29,684.92
CA,Supplies,high,2010-09-29,684.92
CA,Technology,high,2010-08-23,704.4
CA,Technology,high,2010-08-23,704.4
CA,Technology,high,2010-08-23,704.4
CA,Other,high,2010-09-08,431.12
CA,Technology,high,2010-09-21,223.77
CA,Technology,low,2010-09-15,501.75
CA,Other,high,2010-10-04,853.16
CA,Supplies,high,2010-05-14,106.0
CA,Books,high,2010-09-26,674.87
CA,Supplies,high,2010-09-27,601.75
CA,Supplies,high,2010-09-04,85.0
CA,Supplies,minimal,2010-09-25,511.16
CA,Supplies,high,2010-05-28,338.76
CA,Technology,low,2010-09-22,557.65
CA,Technology,low,2010-09-22,557.65
CA,Technology,low,2010-09-22,557.65
CA,Technology,low,2010-09-22,557.65
CA,Technology,high,2010-08-24,806.0
ME,Other,high,2010-05-09,384.63
CA,Other,high,2010-05-09,384.63
CA,Technology,low,2010-10-06,382.4
CA,Technology,high,2010-08-20,1005.0
CA,Technology,high,2010-08-20,1005.0
OK,Other,high,2010-08-20,274.44
CA,Supplies,high,2010-05-09,65.0
CA,Books,high,2010-05-16,530.99
CA,Supplies,high,2010-05-18,464.66
CA,Books,low,2010-08-21,285.85
NC,Technology,high,2010-07-29,120.0
CA,Technology,high,2010-07-29,120.0
CA,Technology,high,2010-05-18,30.0
CA,Supplies,high,2010-09-03,623.31
CA,Technology,high,2010-09-07,511.65
CA,Technology,low,2010-09-29,1981.24
CA,Technology,low,2010-06-04,282.0
CA,Technology,low,2010-06-04,282.0
CA,Supplies,high,2010-09-22,290.39
CA,Supplies,high,2010-06-04,587.73
CA,Supplies,high,2010-06-04,587.73
CA,Supplies,high,2010-06-04,587.73
CA,Technology,high,2010-09-29,1088.74
CA,Supplies,low,2010-10-03,665.13
CA,Technology,high,2010-09-02,970.29
CA,Technology,high,2010-09-02,970.29
CA,Technology,low,2010-09-25,318.32
RI,Supplies,high,2010-06-28,486.22
CA,Trips,high,2010-09-16,819.88
CA,Technology,high,2010-09-05,831.02
CA,Other,high,2010-05-04,299.66
CA,Books,high,2010-09-10,476.29
MO,Supplies,high,2010-08-07,388.33
CA,Supplies,high,2010-08-07,388.33
CA,Supplies,high,2010-09-29,315.79
CA,Books,high,2010-10-01,236.4
CA,Books,high,2010-08-31,250.88
CA,Supplies,low,2010-09-09,659.15
CA,Supplies,low,2010-09-27,199.68
CA,Supplies,low,2010-09-27,199.68
CA,Books,high,2010-07-16,538.98
CA,Technology,low,2010-09-13,449.33
CA,Books,high,2010-09-08,381.94
CT,Books,high,2010-10-01,513.41
CA,Supplies,low,2010-09-04,353.15
CA,Technology,high,2010-05-20,165.0
CA,Technology,high,2010-05-20,165.0
MD,Technology,high,2010-05-20,165.0
CA,Supplies,high,2010-06-26,928.69
CA,Books,high,2010-08-01,397.5
CA,Supplies,high,2010-09-04,561.99
CA,Supplies,high,2010-08-23,624.95
CA,Books,high,2010-09-21,395.53
CA,Technology,low,2010-08-02,393.67
CA,Supplies,high,2010-09-05,388.0
CA,Books,high,2010-09-22,247.78
CA,Books,high,2010-09-22,247.78
CA,Other,high,2010-07-25,384.03
CA,Books,high,2010-09-19,542.44
FL,Supplies,high,2010-08-27,975.82
CA,Supplies,high,2010-08-27,975.82
CA,Supplies,high,2010-08-27,975.82
CA,Supplies,high,2010-08-03,336.94
CA,Technology,high,2010-09-24,493.2
CA,Supplies,low,2010-09-24,420.73
CA,Supplies,high,2010-09-04,504.32
CA,Books,high,2010-09-13,657.28
CA,Books,high,2010-09-21,326.71
CA,Technology,high,2010-08-20,776.06
CA,Supplies,high,2010-09-13,264.93
CA,Books,high,2010-04-27,430.27
CA,Books,high,2010-08-30,448.6
CA,Books,high,2010-08-30,448.6
CA,Books,high,2010-09-03,45.0
CA,Books,high,2010-09-13,25.0
CA,Supplies,high,2010-08-30,536.31
WA,Books,high,2010-07-14,1016.06
CA,Supplies,low,2010-09-13,230.85
OH,Books,high,2010-09-19,545.27
CA,Books,high,2010-09-19,545.27
CA,Technology,high,2010-09-18,578.67
CA,Supplies,high,2010-06-24,502.3
CA,Supplies,high,2010-09-12,958.71
CA,Technology,low,2010-09-18,261.18
CA,Supplies,high,2010-11-02,195.58
CA,Other,low,2010-05-28,405.39
CA,Books,high,2010-09-10,306.37
CA,Books,high,2010-09-10,306.37
CA,Books,high,2010-06-21,490.15
NY,Books,high,2010-09-19,278.38
CA,Supplies,high,2010-08-21,764.0
CA,Technology,low,2010-09-17,328.36
CA,Books,high,2010-09-10,246.76
CA,Technology,high,2010-08-24,737.93
NC,Books,high,2010-09-19,354.85
CA,Supplies,high,2010-09-05,536.05
CA,Supplies,high,2010-09-05,536.05
CA,Supplies,high,2010-09-04,792.75
CA,Supplies,low,2010-08-17,635.8
CA,Books,high,2010-05-12,668.15
CA,Books,high,2010-05-12,668.15
CA,Supplies,high,2010-08-12,547.68
CA,Technology,high,2010-08-30,717.42
IL,Technology,high,2010-04-26,1157.31
TX,Other,high,2010-06-27,210.74
NM,Supplies,high,2010-08-12,475.82
VA,Supplies,high,2010-08-12,475.82
CA,Books,low,2010-07-03,194.28
CA,Other,high,2010-08-31,404.51
MA,Supplies,high,2010-08-21,359.42
CA,Technology,high,2010-07-22,275.0
CA,Technology,high,2010-04-25,95.0
CA,Technology,high,2010-08-13,197.92
CA,Books,high,2010-08-20,833.69
CA,Books,high,2010-08-20,833.69
CA,Other,high,2010-08-24,246.85
CA,Supplies,low,2010-08-02,575.01
CA,Other,high,2010-04-30,10.0
CA,Supplies,low,2010-07-01,468.69
CA,Books,high,2010-09-01,500.2
CA,Books,high,2010-09-01,500.2
CA,Supplies,high,2010-09-03,601.68
CA,Supplies,high,2010-09-03,601.68
CA,Supplies,high,2010-06-14,246.05
CA,Supplies,low,2010-07-12,420.17
CA,Other,high,2010-05-27,485.61
CA,Supplies,high,2010-09-05,563.78
CA,Supplies,high,2010-09-08,365.12
CA,Supplies,high,2010-09-08,365.12
NC,Supplies,high,2010-09-08,365.12
CA,Other,high,2010-09-03,256.61
CA,Technology,high,2010-09-01,282.29
CA,Supplies,high,2010-05-23,665.8
CA,Supplies,high,2010-05-23,665.8
CA,Supplies,high,2010-05-23,665.8
CA,Supplies,high,2010-07-12,394.29
CA,Supplies,high,2010-07-12,394.29
CA,Books,high,2010-09-06,788.41
CA,Supplies,low,2010-07-01,506.66
MI,Technology,high,2010-09-05,981.64
CA,Technology,high,2010-07-02,271.66
CA,Technology,high,2010-06-25,402.92
CA,Technology,high,2010-06-25,402.92
CA,Supplies,high,2010-07-11,382.79
CA,Supplies,high,2010-07-20,274.67
CA,Books,high,2010-09-12,468.99
CA,Books,high,2010-08-08,461.16
CA,Supplies,high,2010-07-20,637.35
CA,Supplies,high,2010-07-20,637.35
CA,Technology,high,2010-05-20,263.91
CA,Supplies,high,2010-05-17,576.76
CA,Books,high,2010-09-12,180.85
PA,Technology,high,2010-05-19,230.0
CA,Technology,high,2010-09-04,505.86
WI,Technology,high,2010-08-30,924.34
CA,Supplies,high,2010-08-05,531.24
CA,Books,low,2010-08-03,263.87
CA,Supplies,high,2010-09-06,167.61
CA,Books,high,2010-09-05,369.17
CT,Other,minimal,2010-05-30,343.5
CA,Supplies,high,2010-05-02,156.0
CA,Other,high,2010-09-04,512.2
NY,Other,high,2010-09-07,253.05
CA,Supplies,high,2010-06-23,520.23
CA,Supplies,high,2010-06-23,520.23
CA,Supplies,high,2010-09-04,430.7
CA,Technology,low,2010-07-19,169.98
CA,Technology,low,2010-05-23,50.0
CA,Books,high,2010-04-27,487.45
CA,Other,high,2010-08-21,250.93
CA,Books,high,2010-09-02,812.75
CA,Books,high,2010-09-02,812.75
CA,Books,high,2010-09-02,812.75
CA,Technology,high,2010-08-06,266.33
CA,Supplies,high,2010-08-17,447.22
CA,Technology,high,2010-08-30,1174.58
CA,Technology,high,2010-08-30,1174.58
CA,Technology,high,2010-08-30,1174.58
IL,Other,high,2010-09-01,175.26
NY,Supplies,high,2010-04-13,548.5
CA,Supplies,high,2010-09-02,203.1
CA,Other,high,2010-08-17,543.09
CA,Supplies,high,2010-05-22,314.22
CA,Supplies,high,2010-08-11,175.78
CA,Supplies,high,2010-07-23,215.87
GA,Other,high,2010-07-27,272.39
CA,Supplies,high,2010-07-26,539.3
CA,Supplies,high,2010-07-26,539.3
CA,Supplies,high,2010-07-26,539.3
CA,Supplies,high,2010-04-15,506.85
CA,Books,high,2010-08-29,166.8
IL,Books,high,2010-08-22,288.62
CA,Supplies,high,2010-08-17,190.02
CA,Supplies,minimal,2010-04-12,459.21
CA,Supplies,minimal,2010-04-12,459.21
TN,Supplies,minimal,2010-04-12,459.21
CA,Books,high,2010-08-22,674.77
MD,Books,high,2010-08-22,674.77
CA,Other,high,2010-08-30,488.95
CA,Other,high,2010-04-27,210.11
ME,Technology,high,2010-04-28,504.62
CA,Technology,high,2010-08-20,2644.62
MD,Technology,high,2010-06-23,503.16
CA,Books,high,2010-08-10,292.89
CA,Technology,minimal,2010-04-24,964.13
CA,Technology,minimal,2010-04-24,964.13
PA,Supplies,high,2010-08-27,438.48
PA,Technology,high,2010-07-18,1016.83
CA,Other,high,2010-07-23,458.6
CA,Technology,low,2010-07-26,556.21
CA,Supplies,low,2010-08-20,351.81
CA,Supplies,high,2010-06-02,407.65
NY,Supplies,high,2010-06-02,407.65
CA,Books,high,2010-06-21,228.33
GA,Books,high,2010-08-26,462.79
PA,Supplies,high,2010-05-05,189.03
MA,Supplies,high,2010-05-05,189.03
NY,Supplies,high,2010-08-07,396.33
CA,Supplies,high,2010-08-07,396.33
CT,Supplies,high,2010-08-18,373.14
WA,Books,high,2010-08-02,684.56
ME,Other,high,2010-04-13,945.59
CA,Other,high,2010-04-13,945.59
CA,Books,high,2010-08-21,302.38
IL,Technology,low,2010-08-05,236.45
NY,Supplies,high,2010-08-15,909.45
CA,Supplies,high,2010-04-23,540.11
CA,Books,minimal,2010-07-16,494.07
NY,Books,low,2010-07-30,695.38
CA,Supplies,high,2010-07-02,128.84
CA,Books,high,2010-08-24,285.26
TX,Technology,high,2010-07-06,786.82
NY,Technology,high,2010-06-21,679.11
CA,Technology,high,2010-08-07,629.3
GA,Technology,high,2010-08-15,510.47
MD,Technology,high,2010-08-15,510.47
NJ,Technology,high,2010-08-15,510.47
NH,Technology,high,2010-08-15,510.47
NC,Supplies,high,2010-04-19,65.0
VA,Technology,high,2010-08-11,508.43
TX,Books,high,2010-05-23,226.71
VA,Technology,high,2010-04-30,506.09
MD,Technology,high,2010-04-30,506.09
IL,Supplies,low,2010-08-20,175.57
WV,Supplies,low,2010-03-27,157.04
MD,Supplies,low,2010-05-21,216.45
CA,Books,high,2010-08-11,327.93
CA,Books,high,2010-08-11,327.93
TX,Books,high,2010-05-27,179.3
CA,Other,high,2010-04-26,365.72
CO,Books,high,2010-07-20,211.81
CA,Supplies,high,2010-05-03,328.29
NY,Supplies,low,2010-07-16,331.8
VA,Supplies,high,2010-08-03,605.6
CA,Other,high,2010-08-15,441.19
CT,Technology,high,2010-05-23,502.22
MA,Supplies,high,2010-07-19,90.0
WA,Technology,high,2010-08-13,301.51
CA,Technology,high,2010-07-10,206.56
CA,Supplies,low,2010-08-02,564.94
MI,Supplies,high,2010-03-18,449.6
CA,Supplies,high,2010-03-18,449.6
MA,Supplies,high,2010-04-26,229.55
NC,Supplies,high,2010-04-26,229.55
MD,Technology,high,2010-08-14,566.56
WA,Books,low,2010-08-10,227.2
MA,Other,low,2010-08-13,172.75
MD,Books,high,2010-08-09,912.0
CA,Technology,low,2010-07-29,879.3
MI,Books,high,2010-05-25,299.01
NY,Supplies,high,2010-08-04,664.71
NY,Books,high,2010-04-27,361.34
KY,Other,high,2010-07-23,445.16
CA,Other,high,2010-07-23,445.16
PA,Other,high,2010-07-23,445.16
KY,Technology,high,2010-03-17,55.0
NY,Books,high,2010-08-08,489.51
CA,Technology,high,2010-07-23,60.0
CA,Other,high,2010-08-05,30.0
CA,Supplies,high,2010-05-23,914.16
NJ,Supplies,high,2010-05-23,914.16
CA,Supplies,high,2010-05-23,914.16
CA,Supplies,high,2010-05-23,914.16
CA,Technology,high,2010-04-26,414.0
CA,Technology,high,2010-05-03,934.28
CA,Supplies,high,2010-08-07,1082.68
NY,Technology,high,2010-04-25,556.09
CA,Books,high,2010-04-02,311.0
CA,Other,high,2010-05-21,210.17
CA,Supplies,high,2010-07-20,410.78
CA,Supplies,high,2010-03-23,334.76
CA,Other,high,2010-07-28,533.64
CO,Technology,high,2010-07-06,531.21
CA,Technology,high,2010-07-06,531.21
NJ,Technology,high,2010-07-06,531.21
MN,Supplies,high,2010-07-27,177.28
MD,Other,high,2010-05-15,5.0
CA,Books,high,2010-07-26,286.47
CA,Other,high,2010-03-18,385.57
CA,Technology,high,2010-05-09,169.57
CA,Supplies,high,2010-07-21,362.26
NY,Supplies,high,2010-07-27,526.85
HI,Technology,low,2010-03-09,50.0
OH,Books,high,2010-07-24,948.05
OR,Books,high,2010-07-24,948.05
NY,Books,high,2010-07-24,948.05
CA,Books,high,2010-07-25,849.22
VA,Supplies,high,2010-06-28,268.12
CA,Supplies,high,2010-06-28,268.12
UT,Books,high,2010-05-28,618.82
TX,Technology,high,2010-07-03,785.74
NY,Books,high,2010-03-30,355.11
CA,Technology,high,2010-07-20,969.78
CA,Technology,high,2010-07-20,969.78
CA,Supplies,high,2010-06-22,486.05
CA,Books,high,2010-06-05,498.67
NJ,Supplies,high,2010-02-24,941.17
CA,Supplies,high,2010-06-25,191.82
CA,Books,high,2010-05-08,796.46
CA,Technology,high,2010-03-15,536.49
CA,Technology,high,2010-03-15,536.49
CA,Technology,high,2010-03-15,536.49
VA,Technology,high,2010-03-15,536.49
CA,Supplies,high,2010-06-06,435.91
CA,Technology,high,2010-04-10,35.0
RI,Technology,high,2010-04-10,35.0
IL,Supplies,high,2010-07-12,164.88
VA,Other,high,2010-07-03,330.3
CA,Other,high,2010-07-03,330.3
CA,Supplies,high,2010-06-12,590.48
CA,Supplies,low,2010-07-04,25.0
NV,Supplies,low,2010-07-04,206.23
CA,Technology,minimal,2010-02-24,25.0
CA,Supplies,high,2010-02-23,704.48
OH,Supplies,high,2010-07-05,157.78
OH,Books,high,2010-06-06,427.83
CA,Other,high,2010-06-13,439.45
CA,Other,high,2010-06-13,439.45
OH,Technology,low,2010-03-16,299.2
CA,Technology,low,2010-03-16,299.2
CA,Technology,low,2010-07-02,625.82
CA,Technology,high,2010-06-23,244.93
IL,Other,low,2010-06-02,320.0
CA,Other,high,2010-05-25,460.24
CA,Other,high,2010-05-25,460.24
VA,Supplies,high,2010-06-23,665.0
LA,Supplies,high,2010-06-23,665.0
NY,Supplies,high,2010-06-23,665.0
CA,Supplies,high,2010-06-23,665.0
LA,Books,high,2010-06-17,528.33
NY,Supplies,high,2010-05-09,550.99
MN,Other,high,2010-06-28,402.86
CA,Supplies,high,2010-05-02,513.54
MN,Supplies,high,2010-06-28,249.44
VA,Supplies,high,2010-05-20,411.99
TX,Technology,high,2010-02-20,55.0
IL,Supplies,high,2010-05-30,75.0
VA,Books,high,2010-06-11,728.54
CA,Books,high,2010-06-11,728.54
CA,Books,high,2010-06-11,728.54
CA,Other,low,2010-01-19,268.65
NH,Other,low,2010-01-19,268.65
CA,Technology,high,2010-03-03,873.44
NC,Technology,high,2010-03-03,873.44
UT,Technology,high,2010-03-03,873.44
LA,Technology,high,2010-03-03,873.44
MT,Technology,high,2010-03-03,873.44
WI,Other,low,2010-02-07,50.0
CA,Supplies,high,2010-04-24,531.84
CA,Supplies,high,2010-04-24,531.84
CA,Technology,high,2010-06-06,3323.96
NJ,Technology,high,2010-06-06,3323.96
CA,Technology,high,2010-06-12,397.89
WA,Books,high,2010-02-20,100.0
CA,Technology,minimal,2010-02-11,428.58
NC,Books,high,2010-02-10,237.13
MD,Supplies,high,2010-01-14,171.26
CA,Supplies,high,2010-01-14,171.26
NY,Supplies,high,2010-02-09,538.3
NY,Books,high,2010-01-16,485.16
CA,Supplies,high,2010-04-20,529.89
GA,Supplies,high,2010-05-17,257.23
CA,Supplies,high,2010-06-08,870.71
CA,Supplies,high,2010-06-08,870.71
KS,Other,low,2010-04-27,190.54
CA,Supplies,high,2010-04-27,567.4
NC,Supplies,high,2010-03-04,473.62
NC,Supplies,high,2010-03-04,473.62
CT,Supplies,high,2010-03-04,473.62
CA,Supplies,high,2010-05-20,153.78
AZ,Supplies,high,2010-05-20,153.78
NY,Supplies,high,2010-05-31,477.57
OH,Supplies,high,2010-05-31,477.57
CA,Other,minimal,2010-05-31,573.52
CA,Books,high,2010-02-16,617.41
KY,Technology,high,2010-05-20,293.5
CA,Other,high,2010-04-25,241.2
CA,Other,high,2010-01-19,140.45
NY,Other,high,2010-01-19,140.45
CA,Other,high,2010-05-27,20.0
CA,Technology,high,2010-03-27,155.0
AZ,Technology,high,2010-03-27,155.0
NY,Books,high,2010-04-26,746.04
NY,Supplies,low,2010-04-27,373.09
CA,Supplies,low,2010-04-27,373.09
IN,Supplies,low,2010-05-04,318.46
OH,Supplies,low,2010-05-04,318.46
PA,Technology,high,2010-04-07,225.0
IL,Technology,high,2010-04-07,225.0
CA,Books,low,2010-04-01,232.0
UT,Books,low,2010-04-01,232.0
NY,Supplies,low,2010-05-04,290.72
CA,Supplies,low,2010-05-04,290.72
CA,Supplies,low,2010-05-04,290.72
CA,Supplies,low,2010-05-04,290.72
CA,Supplies,low,2010-05-04,290.72
IL,Supplies,low,2010-05-04,290.72
CA,Supplies,low,2010-05-04,290.72
CA,Books,low,2010-05-26,149.27
CA,Supplies,high,2010-04-26,332.37
CA,Books,high,2010-05-23,459.8
CA,Books,low,2010-03-23,424.72
MD,Books,low,2010-03-23,424.72
GA,Books,low,2010-03-23,424.72
MI,Supplies,high,2010-05-23,337.55
WI,Supplies,high,2010-05-02,248.61
NY,Supplies,high,2010-05-02,248.61
CA,Technology,low,2010-05-03,273.44
WA,Technology,low,2010-05-03,273.44
FL,Supplies,low,2010-02-21,1062.47
CA,Technology,high,2009-12-26,120.0
CA,Supplies,high,2010-05-20,445.96
WA,Books,minimal,2010-03-09,313.18
MI,Technology,high,2010-01-29,131.0
WA,Technology,high,2010-01-29,131.0
CA,Other,high,2010-05-15,535.07
CA,Books,high,2010-05-11,707.71
CA,Supplies,high,2010-05-16,256.08
MI,Technology,high,2010-02-24,312.39
CA,Supplies,high,2010-03-15,75.0
NY,Technology,high,2010-03-02,2403.22
CA,Technology,high,2010-03-02,2403.22
FL,Technology,high,2010-04-27,409.34
CA,Books,high,2010-05-10,269.35
CA,Books,high,2010-05-10,269.35
CA,Supplies,high,2010-04-18,243.02
IL,Supplies,high,2010-04-07,513.57
MD,Other,high,2010-04-25,180.96
CA,Supplies,high,2010-04-06,285.18
CA,Technology,high,2010-05-03,542.47
IL,Technology,high,2010-03-01,454.35
CA,Other,high,2010-05-03,10.0
NY,Other,high,2010-04-07,500.74
GA,Supplies,low,2010-05-04,778.37
MD,Books,high,2010-05-03,564.52
TX,Technology,high,2010-01-20,370.6
AZ,Technology,high,2010-03-09,694.07
GA,Supplies,high,2010-04-06,995.31
CA,Supplies,high,2010-04-06,995.31
VA,Technology,high,2010-04-11,448.46
CO,Technology,high,2010-04-11,448.46
MD,Books,high,2010-04-15,311.39
CO,Supplies,high,2010-04-26,191.68
CA,Supplies,high,2010-04-27,240.77
CA,Books,low,2010-02-02,90.0
CA,Technology,high,2010-04-07,625.0
OH,Books,high,2010-04-25,488.5
CA,Technology,high,2010-03-20,1533.56
NH,Technology,high,2010-03-20,1533.56
NY,Technology,high,2010-03-20,1533.56
NY,Technology,high,2010-03-20,1533.56
IL,Technology,high,2010-03-20,1533.56
NY,Technology,high,2010-03-20,1533.56
MO,Technology,high,2010-03-20,1533.56
CO,Technology,high,2010-03-20,1533.56
CA,Technology,high,2010-03-20,1533.56
MO,Technology,high,2010-03-20,1533.56
IL,Books,high,2010-01-11,504.17
MI,Books,high,2010-01-05,210.0
AZ,Supplies,high,2009-12-15,199.49
AZ,Technology,high,2010-04-02,160.0
TX,Technology,high,2010-04-11,1029.49
TN,Supplies,high,2010-03-09,296.24
AZ,Supplies,high,2010-03-09,296.24
MT,Books,high,2010-02-05,467.45
NV,Books,high,2010-04-12,471.67
IL,Technology,high,2010-01-15,721.51
MI,Technology,high,2010-01-15,721.51
CT,Technology,high,2010-01-15,721.51
CO,Technology,high,2010-01-15,721.51
TX,Technology,high,2010-01-15,721.51
IL,Supplies,low,2010-04-22,177.63
MN,Supplies,low,2010-04-22,177.63
NY,Supplies,high,2010-02-17,166.88
TX,Technology,high,2010-03-10,733.18
NY,Technology,low,2010-01-20,260.96
VA,Supplies,low,2010-04-16,240.61
VA,Supplies,low,2010-04-16,240.61
CA,Supplies,low,2010-04-10,512.49
CA,Technology,high,2010-04-08,724.01
TX,Technology,low,2010-04-21,271.84
CA,Other,high,2010-03-26,348.1
IL,Technology,high,2010-03-04,1052.13
IL,Technology,high,2010-03-04,1052.13
NC,Supplies,high,2010-04-19,219.33
CA,Other,high,2010-04-19,774.6
VA,Other,high,2010-04-19,774.6
WA,Other,high,2010-04-19,774.6
NY,Books,high,2010-02-27,393.87
CA,Books,high,2009-12-23,400.89
CA,Technology,low,2010-03-31,905.97
NY,Supplies,high,2010-03-19,573.48
CA,Technology,high,2010-03-12,989.93
WA,Technology,high,2010-03-12,989.93
WA,Technology,high,2010-03-12,989.93
WA,Technology,high,2010-03-12,989.93
IL,Technology,high,2010-01-16,401.71
OH,Technology,high,2010-01-16,401.71
IL,Supplies,high,2010-04-17,251.83
CA,Supplies,high,2010-04-17,280.79
OR,Supplies,high,2010-04-19,513.87
NY,Supplies,high,2010-04-09,395.12
AZ,Other,high,2010-03-14,286.35
GA,Supplies,high,2010-02-09,227.72
CA,Other,high,2010-04-13,381.07
AZ,Other,high,2010-04-13,381.07
CA,Technology,high,2010-04-06,258.35
LA,Technology,high,2010-04-06,258.35
AZ,Other,low,2010-03-14,225.76
AZ,Other,low,2010-03-14,225.76
TX,Supplies,high,2010-04-18,522.07
OH,Supplies,high,2010-04-18,375.4
AZ,Technology,low,2009-12-28,521.19
FL,Other,high,2010-01-19,5622.83
WA,Other,high,2010-01-19,5622.83
WA,Other,high,2010-01-19,5622.83
AZ,Technology,high,2009-12-07,729.71
AZ,Technology,high,2009-12-07,729.71
GA,Technology,high,2009-12-07,729.71
UT,Technology,high,2009-12-07,729.71
MD,Technology,high,2009-12-07,729.71
AZ,Supplies,high,2010-04-02,257.29
AZ,Books,high,2010-04-16,650.59
AZ,Supplies,high,2010-04-13,658.11
OR,Supplies,high,2010-04-13,658.11
NY,Supplies,high,2010-04-13,658.11
PA,Supplies,high,2009-11-18,358.23
IN,Other,high,2010-01-19,707.94
CA,Supplies,high,2010-02-25,1022.71
PA,Technology,high,2010-03-17,473.21
NY,Supplies,low,2010-04-02,268.26
NY,Supplies,low,2010-04-02,268.26
GA,Supplies,low,2010-04-02,268.26
CA,Supplies,high,2010-04-12,541.27
WA,Supplies,high,2010-04-12,541.27
NV,Technology,high,2010-01-22,868.32
NY,Books,high,2009-12-18,215.0
CT,Supplies,high,2010-01-31,317.26
IN,Supplies,minimal,2010-02-03,85.0
NY,Supplies,high,2010-02-25,164.63
UT,Books,high,2010-01-27,244.4
NC,Supplies,high,2010-03-07,455.29
AZ,Supplies,low,2010-03-20,60.0
NC,Supplies,high,2010-03-25,147.02
CT,Other,high,2010-01-12,234.14
MI,Other,high,2010-02-09,50.0
CA,Supplies,high,2010-02-08,376.21
MD,Supplies,high,2010-03-11,368.99
MI,Technology,high,2009-11-08,120.0
TX,Technology,high,2010-02-12,550.96
WA,Technology,high,2009-11-08,522.6
CA,Supplies,high,2009-11-29,741.43
IL,Supplies,high,2010-03-21,421.7
IL,Technology,high,2010-01-05,850.36
IL,Books,high,2010-04-01,740.41
IL,Books,high,2010-03-05,314.57
WA,Technology,high,2010-01-04,10.0
WA,Books,low,2010-01-08,346.52
WA,Supplies,high,2009-11-22,441.73
WA,Technology,high,2010-02-23,205.78
AZ,Supplies,high,2010-02-15,486.6
IL,Supplies,high,2010-02-15,486.6
WA,Supplies,high,2009-11-07,602.34
WA,Technology,minimal,2010-03-17,901.45
WA,Books,high,2009-10-28,498.7
NY,Other,low,2010-03-29,533.7
CA,Supplies,high,2010-02-01,504.24
PA,Books,high,2010-01-31,463.85
AZ,Technology,high,2009-10-28,922.66
WA,Technology,high,2010-03-26,831.43
WA,Books,high,2010-02-17,253.54
IL,Supplies,high,2010-03-22,243.45
KY,Supplies,low,2010-03-26,175.63
WA,Supplies,high,2010-03-22,989.65
WA,Supplies,high,2010-03-22,245.98
FL,Technology,high,2010-01-07,175.0
WA,Supplies,minimal,2010-02-03,517.16
WA,Supplies,high,2010-02-09,479.93
AZ,Supplies,high,2010-03-10,361.45
WA,Supplies,high,2009-10-20,532.3
MN,Supplies,high,2009-12-23,493.71
AZ,Books,high,2010-03-16,322.9
MN,Supplies,high,2010-03-04,366.18
MN,Technology,high,2009-12-18,332.41
MD,Supplies,low,2009-12-28,463.25
WA,Technology,high,2010-01-28,339.05
WA,Books,high,2010-02-22,881.89
WA,Technology,high,2010-01-21,770.0
CA,Supplies,high,2010-01-25,196.34
AZ,Supplies,low,2009-12-10,345.0
TN,Supplies,low,2009-12-10,345.0
CA,Books,high,2010-03-07,332.71
WA,Supplies,low,2010-03-17,663.07
AZ,Other,high,2009-11-01,1210.68
GA,Books,high,2010-03-05,513.32
FL,Supplies,low,2010-01-20,296.61
AZ,Technology,high,2010-03-16,1061.88
AZ,Technology,high,2010-03-14,750.9
IN,Technology,high,2010-01-08,850.52
AZ,Books,high,2010-02-21,257.36
WA,Books,high,2010-03-16,296.07
NV,Technology,high,2010-03-05,791.42
KS,Technology,minimal,2009-12-01,643.16
WA,Books,low,2010-01-31,351.85
AZ,Books,high,2010-03-15,334.42
WA,Books,high,2010-02-20,358.84
AZ,Books,high,2009-11-15,976.4
WA,Supplies,low,2010-01-29,241.51
WA,Books,low,2010-03-05,30.0
CA,Other,high,2010-02-08,648.71
NY,Technology,high,2009-12-03,520.74
SC,Other,high,2010-03-09,364.58
WA,Supplies,high,2010-01-09,270.17
WA,Supplies,low,2010-02-16,557.08
NY,Supplies,low,2010-02-16,557.08
WA,Books,high,2010-03-08,173.72
WA,Books,high,2010-02-18,403.43
WA,Supplies,high,2010-03-04,215.26
WA,Supplies,high,2010-03-04,215.26
CA,Supplies,high,2010-02-23,348.98
WA,Books,low,2010-02-28,266.29
WA,Supplies,high,2010-01-05,553.41
WA,Books,high,2009-10-11,290.0
WA,Technology,high,2010-01-31,879.87
TX,Technology,high,2010-01-31,879.87
WA,Supplies,high,2010-03-05,319.0
WA,Other,high,2010-01-27,300.27
WA,Supplies,high,2010-02-24,153.99
TX,Technology,high,2010-03-02,172.26
WA,Technology,high,2010-03-05,432.44
CA,Other,high,2010-01-16,342.6
WA,Technology,minimal,2009-11-28,669.64
WA,Supplies,high,2010-02-07,284.99
IL,Technology,high,2010-03-04,1098.74
WA,Technology,low,2010-03-02,381.96
WA,Technology,low,2010-02-15,499.25
WA,Books,high,2009-12-23,272.46
IN,Supplies,high,2009-10-16,535.44
WA,Books,low,2010-02-17,434.79
NC,Books,high,2010-03-01,616.18
CA,Supplies,high,2010-03-01,274.19
WA,Books,high,2009-12-23,935.29
CA,Technology,high,2010-02-28,666.31
NV,Technology,high,2009-09-27,920.3
NJ,Technology,high,2009-09-29,857.88
OK,Technology,low,2009-10-06,293.89
CO,Books,high,2010-02-05,584.59
NC,Technology,high,2009-09-23,760.55
WA,Books,minimal,2010-02-22,1036.24
WA,Technology,high,2010-02-21,282.91
WA,Supplies,high,2009-10-19,892.61
WA,Supplies,high,2009-10-19,892.61
WA,Technology,high,2009-10-04,196.0
WA,Books,high,2010-01-27,745.28
WA,Supplies,high,2009-12-19,369.93
CA,Books,high,2010-01-24,218.16
KY,Supplies,low,2009-11-14,300.2
WA,Technology,high,2009-12-06,915.34
WA,Books,high,2010-01-07,349.94
WA,Supplies,high,2010-02-15,308.13
WA,Books,high,2009-09-20,295.7
CA,Technology,high,2009-10-22,1162.26
CA,Technology,high,2010-01-26,445.0
NJ,Supplies,low,2010-01-27,1224.63
ME,Supplies,high,2010-01-26,309.41
NY,Technology,low,2009-11-26,1142.85
TX,Technology,low,2009-11-26,1142.85
NJ,Technology,low,2009-11-26,1142.85
MA,Supplies,low,2010-02-01,149.83
WA,Technology,high,2010-02-04,706.86
WA,Technology,high,2009-09-21,500.46
CA,Books,low,2009-11-18,508.97
WA,Books,high,2009-10-28,785.74
WA,Books,high,2009-12-18,559.77
WA,Other,high,2009-11-12,540.54
WA,Supplies,high,2010-02-11,146.81
WA,Other,high,2009-09-29,382.45
WA,Supplies,high,2010-01-31,342.39
TX,Technology,high,2010-02-10,376.76
WA,Technology,high,2010-01-08,541.24
NJ,Other,high,2010-02-04,317.97
NY,Technology,high,2010-01-22,1425.34
NY,Books,high,2010-02-04,296.29
TN,Supplies,high,2010-01-11,168.35
WA,Technology,high,2009-10-05,115.0
WA,Technology,high,2009-11-25,1157.31
WA,Books,high,2010-01-14,162.15
WA,Technology,high,2010-02-01,706.39
WA,Supplies,high,2010-01-20,880.29
NC,Technology,high,2010-01-29,392.59
WA,Technology,high,2010-01-21,162.47
WA,Technology,high,2010-01-27,903.83
WA,Technology,high,2010-01-26,870.72
IL,Supplies,high,2010-01-08,208.19
WA,Supplies,high,2010-01-08,208.19
WA,Books,high,2010-01-16,539.92
IL,Technology,high,2010-01-19,239.82
WA,Supplies,low,2010-01-18,369.46
MI,Books,high,2010-01-27,354.85
WA,Books,high,2009-10-06,202.44
KY,Supplies,low,2009-09-27,539.62
NC,Books,high,2009-12-18,649.99
WA,Books,high,2009-12-18,649.99
WA,Technology,high,2009-11-20,1053.37
WA,Technology,high,2009-12-20,5.0
WA,Books,high,2010-01-22,216.51
WI,Supplies,low,2010-01-05,1160.75
PA,Technology,high,2009-08-18,434.35
WA,Technology,high,2009-12-06,569.01
WA,Supplies,low,2010-01-08,552.88
CT,Other,high,2010-01-08,584.71
CA,Books,high,2009-08-15,768.71
AZ,Books,high,2009-08-15,768.71
WA,Technology,high,2009-09-21,874.65
ND,Books,high,2009-12-31,1052.23
MI,Books,high,2009-09-08,50.0
WA,Supplies,high,2009-09-09,569.22
WA,Books,low,2010-01-03,259.71
WA,Technology,low,2009-09-24,538.48
WA,Technology,high,2009-10-13,50.0
WA,Supplies,high,2009-10-11,255.71
WA,Supplies,high,2009-11-13,573.85
CA,Books,high,2009-10-14,488.88
WA,Books,high,2009-09-28,505.2
WA,Books,high,2009-09-30,50.0
WA,Technology,high,2009-10-25,236.09
WA,Supplies,high,2009-09-10,224.67
WA,Technology,high,2010-01-05,8164.08
WA,Technology,high,2009-12-16,3409.0
OR,Technology,high,2009-09-19,439.29
WA,Supplies,low,2009-10-29,527.13
WA,Supplies,high,2009-12-18,1045.17
WA,Supplies,high,2009-08-20,345.22
WA,Books,high,2009-12-17,645.59
WA,Books,high,2009-12-17,645.59
WA,Technology,high,2009-12-26,543.13
WA,Supplies,high,2009-11-08,25.0
WA,Supplies,high,2009-11-12,439.29
WA,Supplies,high,2009-11-12,439.29
WA,Books,high,2009-12-09,994.97
WA,Supplies,high,2010-01-07,118.95
WA,Supplies,high,2009-12-10,381.34
WA,Books,high,2009-12-09,377.9
WA,Books,high,2009-12-09,377.9
UT,Books,high,2009-12-09,377.9
WA,Supplies,high,2009-12-18,271.83
GA,Technology,low,2009-08-26,100.0
WA,Books,high,2009-10-13,545.29
CA,Technology,high,2009-09-27,785.66
WA,Books,high,2009-12-20,422.16
WA,Other,high,2009-10-18,537.15
WA,Technology,high,2010-01-05,374.41
CA,Technology,high,2009-12-22,878.34
WA,Technology,high,2009-10-11,330.0
MA,Supplies,high,2009-09-19,157.88
NY,Supplies,high,2009-12-15,529.55
WA,Technology,high,2009-08-22,25.0
FL,Supplies,high,2009-10-16,529.52
CA,Supplies,high,2009-11-01,724.71
WA,Technology,high,2009-10-13,2809.2
CA,Books,high,2009-09-07,564.26
MD,Supplies,high,2009-10-19,333.57
NC,Technology,high,2009-10-28,906.01
CA,Technology,high,2009-12-04,2186.54
WA,Technology,high,2009-09-02,1081.93
DE,Technology,high,2009-12-26,2208.33
KY,Technology,high,2009-10-30,633.75
CA,Books,high,2009-12-23,1022.99
NH,Technology,high,2009-12-18,146.94
MT,Books,high,2009-11-29,277.31
MA,Supplies,high,2009-12-18,668.57
MA,Supplies,low,2009-11-20,498.98
TX,Technology,high,2009-08-22,1234.74
NY,Supplies,high,2009-10-22,282.46
TX,Technology,high,2009-09-08,537.74
CA,Supplies,high,2009-10-06,595.56
CO,Supplies,high,2009-12-06,279.4
NJ,Supplies,high,2009-08-30,332.51
SD,Books,high,2009-09-30,499.0
IN,Technology,high,2009-12-20,519.55
IL,Supplies,high,2009-10-19,294.97
MO,Supplies,high,2009-08-14,390.0
NY,Supplies,high,2009-08-14,390.0
CA,Technology,high,2009-11-22,1014.54
IL,Books,high,2009-11-02,822.34
MI,Supplies,high,2009-09-10,540.66
WA,Technology,unknown,2009-08-29,446.08
OK,Supplies,high,2009-09-28,221.51
NY,Technology,high,2009-12-16,486.79
NY,Supplies,high,2009-12-14,485.28
MA,Supplies,high,2009-12-14,485.28
NJ,Books,high,2009-11-22,532.89
MA,Technology,low,2009-12-15,758.82
NJ,Books,high,2009-11-13,529.22
IL,Other,high,2009-08-20,304.53
CA,Supplies,high,2009-12-01,494.1
CA,Technology,high,2009-08-20,924.69
NH,Supplies,high,2009-09-22,1061.05
WA,Supplies,high,2009-09-22,1061.05
IL,Books,high,2009-11-03,624.31
WI,Supplies,low,2009-08-16,440.55
MD,Books,high,2009-12-01,301.27
SC,Books,high,2009-07-14,149.04
NY,Supplies,high,2009-09-12,554.82
KS,Technology,high,2009-11-24,1014.54
FL,Technology,high,2009-11-24,1014.54
OH,Technology,high,2009-11-24,1014.54
TX,Books,high,2009-08-21,284.81
IL,Technology,high,2009-09-15,325.72
FL,Supplies,high,2009-09-27,210.0
WI,Technology,high,2009-12-09,1169.51
TX,Supplies,high,2009-08-31,158.65
NH,Books,high,2009-09-08,287.76
CA,Technology,high,2009-11-23,697.21
CA,Technology,high,2009-08-16,417.54
CA,Books,high,2009-11-16,427.51
NH,Supplies,minimal,2009-12-12,154.85
NY,Supplies,high,2009-11-28,965.71
OK,Books,high,2009-11-08,1094.98
SC,Supplies,high,2009-12-11,275.91
CA,Books,high,2009-12-10,151.79
OK,Technology,high,2009-08-27,1062.28
WI,Technology,high,2009-08-09,163.5
NY,Books,high,2009-09-30,418.11
MD,Other,low,2009-08-18,342.37
VA,Books,high,2009-11-24,218.33
MI,Books,low,2009-08-15,115.0
NY,Supplies,high,2009-11-22,145.58
NJ,Supplies,high,2009-11-08,154.53
MI,Other,high,2009-09-21,70.0
NC,Technology,high,2009-08-15,980.11
MD,Supplies,high,2009-09-17,512.6
PA,Technology,high,2009-09-07,684.03
CA,Technology,high,2009-10-02,6537.71
CO,Technology,high,2009-10-02,6537.71
MN,Technology,low,2009-08-15,1450.43
RI,Technology,high,2009-08-20,742.2
TX,Books,high,2009-09-08,3055.78
TX,Books,high,2009-10-14,1011.18
CO,Technology,high,2009-09-28,781.21
OH,Technology,high,2009-09-28,781.21
TN,Technology,high,2009-10-02,546.16
AZ,Technology,high,2009-11-08,1089.18
KS,Supplies,high,2009-11-20,662.71
TX,Technology,high,2009-10-11,416.6
NY,Books,high,2009-11-19,277.93
MN,Supplies,high,2009-09-16,399.5
FL,Supplies,high,2009-11-08,232.16
NY,Books,high,2009-11-02,241.11
MA,Books,high,2009-08-30,329.68
TX,Books,low,2009-09-28,467.28
CA,Technology,high,2009-09-09,265.6
MA,Trips,high,2009-11-16,1397.32
NV,Books,high,2009-09-11,366.18
TX,Technology,high,2009-10-01,161.9
KY,Supplies,high,2009-10-08,269.65
FL,Other,high,2009-07-27,553.48
NY,Supplies,high,2009-09-24,529.83
IL,Books,high,2009-08-09,554.54
CA,Books,low,2009-10-06,148.71
CA,Supplies,high,2009-11-01,550.12
IL,Technology,high,2009-10-28,1728.29
PA,Technology,high,2009-10-28,1728.29
IN,Technology,low,2009-09-28,30.0
CA,Technology,high,2009-08-27,211.65
MI,Technology,high,2009-07-08,1031.71
WA,Technology,high,2009-07-08,1031.71
CA,Supplies,high,2009-10-28,581.18
HI,Supplies,low,2009-09-30,311.09
TN,Supplies,high,2009-09-07,163.54
NJ,Supplies,high,2009-11-07,167.92
WV,Supplies,low,2009-11-13,900.71
NY,Books,high,2009-10-18,422.43
CA,Technology,high,2009-09-04,1257.0
AZ,Supplies,high,2009-09-17,466.16
IA,Books,high,2009-10-18,758.69
NY,Books,low,2009-10-18,187.02
AL,Books,low,2009-09-29,547.27
NY,Books,low,2009-09-29,547.27
PA,Supplies,high,2009-07-16,282.18
OH,Technology,high,2009-08-09,859.05
NY,Other,high,2009-09-21,262.4
MA,Supplies,high,2009-10-06,618.0
VA,Supplies,high,2009-10-06,618.0
NJ,Technology,high,2009-10-11,1101.49
NC,Other,high,2009-07-21,25.0
IL,Supplies,low,2009-09-23,713.04
TX,Technology,high,2009-09-11,673.16
TN,Technology,high,2009-10-27,517.37
IL,Technology,high,2009-07-08,1315.85
IL,Other,high,2009-08-26,615.33
SD,Other,high,2009-08-26,615.33
FL,Technology,high,2009-08-23,582.02
MO,Other,low,2009-08-16,263.58
MD,Technology,low,2009-08-20,524.59
MA,Supplies,high,2009-10-07,575.53
MO,Supplies,high,2009-10-07,575.53
IL,Books,low,2009-08-19,501.44
IL,Books,high,2009-09-19,679.26
NV,Books,high,2009-09-15,441.55
TX,Technology,high,2009-08-04,580.51
NV,Supplies,high,2009-07-23,315.2
MO,Supplies,low,2009-09-08,215.0
AZ,Technology,high,2009-10-11,402.57
OH,Technology,high,2009-06-17,181.71
AZ,Books,high,2009-10-05,570.9
MD,Books,high,2009-10-05,570.9
AZ,Books,high,2009-10-05,570.9
TX,Books,high,2009-10-05,570.9
MI,Technology,low,2009-07-14,157.56
UT,Supplies,low,2009-10-11,362.78
OH,Books,high,2009-08-29,250.29
OH,Books,high,2009-08-29,250.29
OH,Supplies,high,2009-08-30,527.15
OK,Supplies,high,2009-08-30,527.15
VA,Supplies,high,2009-08-30,527.15
AZ,Technology,high,2009-10-09,500.46
OH,Supplies,high,2009-10-15,1128.15
UT,Books,high,2009-10-18,1099.03
IL,Technology,high,2009-08-25,546.46
PA,Technology,low,2009-10-07,530.93
TX,Technology,high,2009-09-29,236.0
IL,Other,low,2009-08-16,334.23
NY,Supplies,high,2009-10-03,467.57
CA,Books,high,2009-08-28,367.05
VA,Supplies,high,2009-10-09,449.55
MO,Supplies,high,2009-08-22,520.88
MD,Technology,high,2009-09-29,410.0
CA,Technology,high,2009-08-26,500.46
NY,Books,high,2009-08-30,483.8
NY,Technology,high,2009-08-30,550.8
CO,Technology,high,2009-08-20,485.54
NY,Supplies,high,2009-09-16,1063.85
CA,Supplies,high,2009-06-10,260.97
FL,Other,minimal,2009-09-30,363.58
NJ,Supplies,high,2009-05-18,1097.56
MO,Supplies,high,2009-09-24,540.26
CA,Other,low,2009-09-04,534.35
VA,Supplies,high,2009-08-27,469.94
CA,Technology,high,2009-09-24,1028.03
CA,Supplies,high,2009-10-06,245.32
NY,Technology,high,2009-10-05,825.46
WA,Technology,high,2009-08-16,2157.55
FL,Technology,high,2009-08-16,2157.55
FL,Books,high,2009-08-23,244.22
CA,Technology,high,2009-09-19,389.76
IL,Supplies,high,2009-08-26,631.15
NY,Technology,high,2009-08-22,684.03
CA,Books,high,2009-08-20,336.77
MN,Supplies,high,2009-08-27,413.65
LA,Technology,high,2009-07-25,299.16
FL,Supplies,high,2009-07-25,294.73
CA,Technology,high,2009-09-26,465.59
PA,Technology,low,2009-09-27,428.04
PA,Books,high,2009-09-27,440.54
PA,Supplies,high,2009-08-30,545.77
OH,Supplies,high,2009-08-07,422.24
TN,Supplies,high,2009-08-07,422.24
KY,Supplies,high,2009-09-16,316.86
AZ,Books,high,2009-09-19,335.16
AZ,Supplies,high,2009-09-19,566.89
OH,Technology,high,2009-09-20,564.24
FL,Supplies,high,2009-06-22,401.9
WA,Supplies,high,2009-09-11,539.48
MD,Technology,high,2009-09-06,800.0
CA,Supplies,high,2009-09-08,543.18
MN,Technology,low,2009-09-20,1043.01
CA,Supplies,high,2009-08-15,1123.04
NM,Supplies,low,2009-09-15,216.42
AL,Supplies,high,2009-08-21,774.16
NM,Supplies,high,2009-06-29,670.74
CA,Technology,high,2009-04-17,671.46
SC,Technology,high,2009-04-17,671.46
CA,Supplies,high,2009-09-06,346.57
OH,Supplies,high,2009-08-09,331.79
CT,Technology,high,2009-05-02,771.95
CA,Technology,high,2009-05-03,293.9
CA,Supplies,low,2009-07-14,571.7
NJ,Technology,high,2009-09-06,519.01
CA,Supplies,high,2009-06-25,447.56
OH,Supplies,high,2009-09-11,383.22
CA,Supplies,high,2009-06-12,1017.2
PA,Supplies,high,2009-06-12,1017.2
CA,Books,high,2009-07-30,129.39
FL,Books,high,2009-05-10,534.15
DC,Supplies,low,2009-09-12,176.54
NM,Other,high,2009-07-02,202.44
CA,Technology,high,2009-09-08,554.61
NJ,Books,high,2009-08-23,280.62
CA,Supplies,high,2009-08-21,571.73
NY,Supplies,high,2009-05-19,524.39
CA,Other,high,2009-09-10,1077.13
NV,Other,high,2009-09-10,1077.13
SC,Technology,high,2009-04-08,1042.68
TX,Technology,high,2009-04-08,1042.68
CA,Technology,high,2009-04-08,1042.68
CA,Supplies,low,2009-04-16,365.44
TX,Other,high,2009-08-24,4816.73
TN,Other,high,2009-08-24,4816.73
PR,Supplies,high,2009-04-10,1583.18
WA,Supplies,high,2009-04-10,1583.18
FL,Supplies,high,2009-04-10,1583.18
CA,Technology,high,2009-05-23,508.53
CA,Books,low,2009-08-12,395.82
FL,Books,low,2009-08-12,395.82
WI,Books,high,2009-09-10,533.12
CA,Supplies,high,2009-08-23,252.01
CA,Supplies,high,2009-09-01,534.73
CA,Technology,high,2009-08-24,1098.77
TX,Supplies,high,2009-07-17,160.43
FL,Books,high,2009-08-13,248.05
IN,Books,high,2009-08-18,614.88
FL,Books,high,2009-08-18,614.88
TN,Books,high,2009-08-18,614.88
VA,Books,high,2009-07-20,164.13
MI,Technology,high,2009-08-09,180.37
NC,Technology,high,2009-09-03,803.98
IN,Technology,high,2009-08-25,1154.87
MD,Supplies,high,2009-07-03,576.83
MI,Supplies,high,2009-07-03,576.83
IN,Books,high,2009-07-12,568.29
FL,Supplies,high,2009-08-03,437.48
FL,Books,high,2009-05-25,1007.32
TN,Technology,high,2009-04-07,553.66
FL,Supplies,high,2009-08-31,774.62
AZ,Supplies,high,2009-08-31,774.62
FL,Books,high,2009-05-08,285.37
FL,Supplies,high,2009-05-03,958.54
FL,Supplies,high,2009-05-03,958.54
FL,Supplies,high,2009-05-03,958.54
TN,Supplies,high,2009-05-03,958.54
PA,Supplies,high,2009-05-03,958.54
FL,Supplies,high,2009-07-01,387.8
TN,Supplies,high,2009-07-01,387.8
FL,Supplies,high,2009-07-01,254.88
FL,Supplies,high,2009-07-01,254.88
TN,Supplies,high,2009-05-24,437.8
TN,Technology,high,2009-08-29,196.66
TN,Supplies,high,2009-08-15,165.95
TN,Other,high,2009-05-02,246.34
FL,Supplies,high,2009-07-25,1067.78
MS,Books,high,2009-08-09,212.1
NY,Books,high,2009-08-18,571.37
FL,Supplies,high,2009-05-16,705.0
AL,Supplies,high,2009-04-14,563.41
TN,Supplies,high,2009-08-18,318.2
TN,Supplies,high,2009-08-11,314.32
IL,Other,high,2009-04-02,695.68
FL,Technology,high,2009-08-26,442.08
TN,Technology,high,2009-05-22,1003.66
CA,Technology,high,2009-05-22,1003.66
OH,Other,high,2009-08-03,401.96
FL,Other,high,2009-08-03,401.96
TN,Books,high,2009-08-01,341.74
CA,Supplies,high,2009-08-19,339.32
HI,Technology,high,2009-08-22,150.1
FL,Supplies,high,2009-08-24,193.74
FL,Books,high,2009-08-22,447.46
TN,Technology,high,2009-07-13,684.04
CA,Technology,high,2009-07-13,684.04
CA,Technology,high,2009-07-13,684.04
CA,Supplies,low,2009-06-14,518.29
TN,Technology,high,2009-07-27,264.49
FL,Supplies,high,2009-08-15,196.27
TN,Supplies,high,2009-07-03,515.86
FL,Books,high,2009-08-09,217.03
FL,Technology,high,2009-08-04,514.62
FL,Technology,high,2009-06-07,373.17
IA,Supplies,high,2009-07-03,1132.93
FL,Supplies,low,2009-06-02,330.49
WI,Supplies,high,2009-05-08,473.17
FL,Books,high,2009-08-10,440.22
NY,Supplies,high,2009-08-03,747.03
FL,Books,high,2009-08-06,415.16
TN,Supplies,high,2009-07-16,273.8
TN,Technology,high,2009-05-31,1831.71
CA,Technology,high,2009-05-31,1831.71
NJ,Other,high,2009-05-19,462.2
TN,Supplies,high,2009-08-06,503.55
TN,Supplies,high,2009-08-04,349.9
TX,Books,low,2009-05-17,25.0
TN,Supplies,high,2009-05-21,1153.66
TN,Books,high,2009-06-18,626.83
TX,Books,high,2009-08-01,483.57
PA,Supplies,high,2009-06-29,3041.47
CA,Other,high,2009-06-17,7680.86
CA,Technology,high,2009-03-28,1659.76
GA,Technology,high,2009-03-28,1659.76
FL,Technology,high,2009-03-28,1659.76
CA,Technology,high,2009-03-15,240.24
TN,Books,high,2009-05-25,423.17
TN,Supplies,high,2009-07-15,532.32
CA,Technology,high,2009-03-13,796.34
CA,Technology,high,2009-03-13,796.34
CA,Books,high,2009-07-21,544.0
NY,Technology,high,2009-07-06,228.05
FL,Technology,high,2009-07-07,2619.51
CA,Books,high,2009-06-30,543.91
CA,Books,high,2009-06-30,543.91
CA,Books,high,2009-06-01,702.44
TN,Technology,high,2009-07-22,709.21
NC,Technology,high,2009-02-25,325.0
TN,Technology,high,2009-02-25,325.0
CA,Supplies,high,2009-05-29,171.95
TN,Books,high,2009-03-03,480.49
FL,Books,high,2009-03-16,170.73
NY,Technology,high,2009-06-29,525.61
MO,Supplies,low,2009-07-02,436.59
TN,Supplies,high,2009-04-25,146.34
PA,Books,high,2009-03-03,335.37
TX,Supplies,high,2009-03-21,165.85
FL,Supplies,high,2009-04-17,135.37
IN,Books,high,2009-03-12,50.0
FL,Technology,high,2009-06-02,1260.98
FL,Supplies,high,2009-05-23,563.41
OH,Books,low,2009-02-15,225.61
IL,Technology,high,2009-02-15,373.17
CA,Supplies,high,2009-05-16,526.83
MS,Supplies,high,2009-03-18,414.63
TN,Supplies,high,2009-03-18,414.63
TN,Other,high,2009-04-04,2050.0
CA,Supplies,low,2009-05-12,75.0
TN,Supplies,high,2009-02-23,235.71
FL,Supplies,high,2009-05-28,209.76
IL,Technology,high,2009-03-01,240.24
FL,Technology,high,2009-03-01,240.24
FL,Trips,high,2009-05-14,15519.99
FL,Trips,high,2009-05-14,15519.99
TN,Trips,high,2009-05-14,15519.99
TN,Trips,high,2009-05-14,15519.99
CA,Trips,high,2009-05-14,15519.99
TN,Trips,high,2009-05-14,15519.99
TN,Trips,high,2009-05-14,15519.99
IL,Supplies,high,2009-02-22,582.93
TN,Other,low,2009-02-24,550.0
TN,Supplies,high,2009-04-14,396.47
FL,Supplies,high,2009-04-14,396.47
CA,Supplies,high,2009-01-14,264.71
CA,Technology,high,2009-03-17,870.59
FL,Books,high,2009-03-15,100.0
OR,Supplies,high,2009-04-05,218.82
FL,Supplies,high,2009-04-05,218.82
OR,Supplies,high,2009-04-05,218.82
TN,Supplies,high,2009-01-09,426.25
PA,Technology,high,2009-05-23,936.48
FL,Technology,high,2009-01-10,365.88
TN,Technology,high,2009-01-10,365.88
MS,Technology,low,2009-05-22,1016.25
TN,Supplies,high,2008-12-21,315.29
IL,Technology,high,2009-05-08,1985.88
FL,Technology,high,2009-05-08,1985.88
CA,Supplies,high,2009-03-15,197.65
FL,Books,low,2009-03-24,95.0
CA,Supplies,high,2009-03-04,391.46
CA,Books,low,2009-05-17,176.25
FL,Supplies,high,2009-02-06,313.41
NC,Technology,high,2009-02-12,989.41
MS,Technology,high,2009-02-12,989.41
FL,Books,high,2009-03-30,493.83
CA,Books,high,2009-05-10,364.71
MD,Supplies,high,2009-05-11,100.0
TN,Supplies,low,2009-05-08,511.25
MO,Technology,high,2009-04-27,2290.78
TN,Technology,high,2009-01-02,496.48
FL,Supplies,high,2009-03-15,1117.65
FL,Other,high,2009-05-12,569.41
CA,Books,high,2009-04-04,243.53
CA,Supplies,high,2008-12-18,464.71
CA,Other,high,2009-03-20,580.0
TN,Other,high,2009-03-20,580.0
CA,Books,minimal,2009-05-11,943.75
FL,Books,high,2008-12-14,300.0
TN,Technology,low,2009-03-20,270.0
WI,Technology,low,2009-03-20,270.0
TN,Technology,high,2008-12-19,388.24
TN,Technology,high,2009-03-10,662.36
FL,Supplies,minimal,2009-05-08,364.71
CA,Supplies,high,2009-03-28,803.53
TN,Supplies,high,2009-03-28,803.53
FL,Other,low,2009-05-07,417.5
CA,Supplies,low,2008-12-16,260.0
TN,Books,low,2009-05-05,1015.0
FL,Supplies,high,2009-04-26,458.82
TN,Books,high,2009-03-15,738.82
FL,Other,high,2009-04-26,568.24
FL,Supplies,high,2009-03-19,362.35
TN,Supplies,high,2009-03-19,362.35
WA,Supplies,high,2009-04-30,537.65
TN,Books,high,2009-02-25,630.59
FL,Books,high,2009-02-25,630.59
TN,Supplies,high,2009-01-29,887.06
TN,Books,high,2009-01-28,462.35
TN,Technology,high,2009-03-28,721.18
CA,Supplies,high,2009-01-03,285.88
FL,Supplies,high,2009-01-03,285.88
FL,Supplies,high,2009-01-26,640.0
TN,Supplies,high,2009-04-27,118.83
CA,Supplies,high,2008-12-09,545.88
CA,Supplies,high,2008-12-09,545.88
NC,Books,high,2009-04-11,336.76
FL,Supplies,low,2009-02-22,252.0
TN,Technology,high,2008-12-04,1062.5
RI,Other,high,2008-12-07,782.35
FL,Other,high,2008-12-07,782.35
TN,Other,high,2008-12-07,782.35
FL,Supplies,high,2009-02-26,150.0
FL,Supplies,high,2009-02-15,272.94
FL,Books,high,2009-04-05,191.76
FL,Technology,high,2009-03-21,920.0
TN,Technology,high,2009-03-15,1078.83
TN,Technology,high,2009-03-15,1078.83
TN,Books,high,2009-03-14,297.65
TN,Supplies,low,2009-03-19,522.35
TN,Supplies,low,2009-03-19,522.35
FL,Supplies,low,2009-03-29,191.76
TN,Supplies,low,2009-03-29,191.76
TN,Books,high,2008-12-19,670.58
CA,Books,high,2008-12-19,670.58
TN,Books,high,2009-03-24,407.06
FL,Books,high,2009-03-24,407.06
TX,Books,high,2009-03-24,407.06
TN,Other,high,2009-03-28,478.82
TN,Other,high,2009-03-28,478.82
CT,Other,high,2009-03-28,478.82
TN,Books,high,2009-04-15,552.44
TN,Supplies,high,2009-04-02,681.18
TN,Supplies,high,2009-04-02,681.18
FL,Supplies,high,2009-04-02,681.18
FL,Supplies,high,2009-04-02,681.18
MA,Technology,high,2009-04-16,496.48
OR,Supplies,high,2009-04-08,245.0
TN,Books,high,2008-12-06,405.33
GA,Supplies,high,2009-02-04,549.41
FL,Supplies,high,2009-02-04,549.41
FL,Supplies,high,2009-02-04,549.41
TN,Supplies,high,2009-04-05,210.59
CA,Books,high,2009-04-04,25.0
CA,Technology,high,2008-12-28,409.41
TN,Technology,high,2008-12-28,409.41
TN,Supplies,high,2008-12-12,264.71
CA,Supplies,high,2008-12-12,264.71
NY,Supplies,high,2008-12-12,264.71
OK,Supplies,high,2008-12-12,264.71
FL,Supplies,high,2008-12-12,264.71
TN,Books,high,2009-03-06,877.65
FL,Technology,high,2009-04-09,496.48
WA,Books,high,2009-04-16,240.0
FL,Supplies,high,2009-03-19,316.47
CA,Supplies,high,2009-03-19,316.47
CA,Other,high,2009-02-15,370.59
CA,Other,high,2009-02-15,370.59
FL,Other,high,2009-03-18,484.71
FL,Other,high,2009-03-18,484.71
TN,Supplies,high,2009-02-07,1067.06
AR,Supplies,high,2009-02-07,1067.06
NC,Books,low,2009-02-24,342.35
TN,Technology,high,2009-02-05,520.0
FL,Technology,high,2009-01-21,25.0
IN,Supplies,high,2009-02-15,694.11
AL,Books,high,2009-04-05,577.65
FL,Books,low,2009-04-06,290.59
TN,Books,high,2009-02-17,335.29
FL,Books,high,2009-02-17,335.29
NY,Supplies,high,2009-04-07,1208.06
FL,Supplies,high,2009-04-07,1208.06
NY,Supplies,high,2009-03-25,316.47
OR,Technology,high,2009-02-06,562.65
CA,Technology,high,2009-01-06,25.0
CA,Books,high,2009-04-04,243.53
FL,Technology,high,2009-03-29,430.58
FL,Trips,high,2009-04-10,905.0
MD,Trips,high,2009-04-10,905.0
FL,Supplies,low,2009-02-17,198.75
FL,Supplies,high,2009-04-14,394.12
FL,Technology,high,2009-03-20,460.0
CA,Books,high,2009-03-30,261.18
CA,Books,high,2009-03-30,261.18
CA,Technology,high,2008-11-29,7.0
NY,Technology,high,2009-03-23,2217.65
FL,Technology,high,2008-11-11,1794.11
TX,Other,high,2009-01-20,565.88
FL,Other,high,2009-01-20,565.88
FL,Supplies,high,2009-03-18,217.65
CA,Books,high,2008-11-26,324.7
TN,Supplies,high,2009-01-13,468.0
CT,Technology,high,2009-02-04,529.41
NY,Technology,high,2008-11-16,442.35
CA,Supplies,high,2008-12-02,522.35
FL,Supplies,high,2009-02-05,288.23
FL,Technology,high,2009-01-28,681.18
FL,Supplies,high,2009-03-28,542.36
FL,Supplies,high,2009-01-02,152.94
TN,Technology,high,2009-01-06,437.65
NC,Supplies,high,2009-01-14,491.82
FL,Supplies,high,2009-01-14,491.82
CO,Supplies,high,2009-01-14,491.82
TN,Supplies,high,2009-01-14,491.82
TN,Supplies,high,2009-01-14,491.82
CA,Technology,low,2008-12-21,462.5
FL,Technology,high,2008-11-24,463.53
NV,Trips,high,2009-03-24,3961.25
TN,Technology,high,2009-02-15,770.58
FL,Supplies,high,2009-03-25,425.88
FL,Other,high,2009-01-11,386.82
FL,Supplies,high,2009-02-19,507.32
TN,Books,high,2009-02-25,743.53
TN,Books,high,2009-02-25,743.53
TN,Books,high,2009-02-25,743.53
FL,Books,high,2009-02-25,743.53
TN,Technology,high,2008-12-17,475.29
TN,Technology,high,2008-12-17,475.29
AR,Books,high,2009-02-02,494.12
TN,Supplies,high,2008-12-11,531.76
NC,Supplies,high,2009-03-15,168.24
MS,Technology,high,2009-03-08,674.11
FL,Technology,high,2009-03-03,40.0
MS,Technology,high,2008-11-16,514.71
TN,Supplies,high,2009-01-22,220.0
TN,Supplies,high,2009-02-15,202.36
TN,Technology,high,2009-03-15,50.0
NC,Technology,high,2009-03-12,200.0
TN,Technology,high,2009-01-09,260.0
TN,Technology,high,2009-02-05,420.73
DC,Technology,high,2008-10-19,441.18
CA,Technology,high,2008-12-04,972.95
FL,Supplies,high,2009-03-15,533.52
NC,Technology,high,2008-11-03,285.0
FL,Technology,high,2008-11-03,285.0
TN,Technology,high,2008-11-03,285.0
FL,Supplies,high,2009-01-07,378.81
MS,Books,high,2009-01-25,1068.23
FL,Supplies,high,2009-03-08,489.41
OK,Supplies,high,2008-12-25,416.48
MS,Supplies,high,2009-03-06,394.67
CA,Supplies,high,2009-03-06,394.67
FL,Technology,high,2009-01-21,400.0
CA,Books,high,2009-03-08,374.11
FL,Technology,low,2008-10-13,358.82
FL,Technology,high,2009-03-11,100.0
TN,Books,high,2009-03-03,486.25
FL,Supplies,high,2009-02-19,707.06
FL,Books,high,2009-03-08,698.83
FL,Supplies,high,2009-01-19,275.29
FL,Other,high,2009-01-24,525.59
FL,Other,high,2009-01-24,525.59
FL,Other,low,2009-01-09,603.75
TN,Technology,high,2008-10-10,1045.88
TN,Technology,high,2008-10-10,1045.88
TN,Books,high,2008-12-14,284.7
TN,Books,high,2009-02-01,258.82
TX,Books,high,2009-01-25,784.7
TN,Technology,high,2008-11-26,50.0
FL,Technology,high,2009-01-18,175.29
FL,Technology,high,2009-02-13,138.82
CA,Technology,high,2009-02-13,535.29
TN,Books,high,2009-02-24,568.24
CA,Books,high,2008-10-16,744.7
FL,Books,high,2008-12-04,521.18
FL,Books,low,2009-02-20,795.29
FL,Books,high,2009-02-09,565.88
FL,Supplies,high,2009-02-08,815.29
FL,Supplies,high,2009-02-25,162.35
FL,Other,high,2008-11-11,5358.82
FL,Other,high,2008-11-11,5358.82
NV,Other,high,2008-11-11,5358.82
AZ,Other,high,2008-11-11,5358.82
NY,Books,high,2009-02-15,500.35
FL,Other,low,2009-02-20,418.71
FL,Technology,high,2009-02-24,163.53
TN,Other,high,2008-12-22,571.76
FL,Technology,high,2008-10-19,465.88
NC,Supplies,high,2009-02-14,181.18
FL,Books,low,2009-01-05,588.75
FL,Supplies,high,2009-02-17,902.95
FL,Supplies,high,2009-02-17,902.95
FL,Books,high,2009-01-24,984.41
CA,Technology,high,2009-01-21,1078.82
AR,Technology,high,2009-01-21,1078.82
FL,Supplies,high,2009-01-18,284.7
CA,Supplies,high,2009-01-18,284.7
FL,Technology,high,2008-10-06,10.0
TN,Books,high,2008-12-16,307.06
FL,Technology,high,2009-01-26,908.23
FL,Technology,high,2009-02-05,501.18
FL,Technology,high,2009-02-08,472.95
FL,Technology,high,2009-02-08,472.95
FL,Books,high,2009-01-25,1033.75
TN,Other,high,2009-02-09,397.65
TN,Books,high,2008-09-16,407.06
FL,Technology,high,2008-09-08,609.41
FL,Technology,high,2008-09-08,609.41
FL,Other,high,2009-01-30,277.65
FL,Technology,high,2009-02-04,144.7
FL,Other,high,2009-01-09,181.18
TN,Technology,low,2009-01-25,537.5
TN,Books,high,2008-11-06,261.18
TN,Supplies,high,2009-01-01,276.47
FL,Supplies,high,2009-02-03,547.06
FL,Other,high,2008-09-06,430.59
FL,Supplies,high,2009-02-01,5.0
NC,Supplies,high,2008-11-19,996.47
CA,Other,high,2009-01-25,367.06
FL,Books,high,2008-09-19,682.35
FL,Books,high,2009-01-29,482.36
FL,Technology,high,2008-10-21,734.11
FL,Other,high,2008-10-19,429.41
FL,Other,high,2008-10-19,429.41
FL,Technology,low,2008-09-19,465.0
FL,Other,high,2009-01-21,323.53
FL,Supplies,low,2008-10-19,566.25
MI,Supplies,low,2008-10-19,566.25
FL,Technology,high,2008-10-07,472.95
FL,Books,high,2008-12-18,178.82
TX,Supplies,high,2008-12-16,1072.95
FL,Technology,high,2008-10-21,1111.76
FL,Technology,high,2008-10-21,1111.76
TN,Technology,high,2008-12-02,363.95
FL,Technology,high,2008-12-02,363.95
FL,Technology,high,2008-12-02,363.95
FL,Technology,high,2008-12-02,363.95
CA,Technology,high,2008-12-02,363.95
NC,Technology,high,2008-12-19,300.0
NC,Technology,high,2009-01-18,347.06
FL,Technology,high,2009-01-18,347.06
NC,Books,high,2009-01-17,168.24
NC,Books,high,2009-01-17,168.24
TN,Supplies,high,2008-12-09,186.25
FL,Supplies,high,2008-10-24,267.06
FL,Supplies,high,2008-10-24,267.06
FL,Technology,low,2009-01-16,147.5
FL,Books,high,2009-01-06,687.06
TN,Other,high,2009-01-05,252.94
TN,Technology,high,2008-10-08,365.88
TN,Technology,low,2008-12-21,573.75
TN,Supplies,high,2009-01-15,168.24
TN,Books,high,2009-01-11,202.35
TX,Other,high,2008-12-21,188.24
FL,Supplies,high,2008-12-04,804.71
FL,Other,high,2009-01-10,404.71
AL,Technology,high,2008-12-14,195.0
FL,Supplies,high,2009-01-14,524.71
FL,Supplies,high,2008-09-19,60.0
FL,Supplies,high,2009-01-14,413.12
FL,Technology,high,2009-01-09,1150.58
FL,Other,high,2008-09-18,469.41
FL,Supplies,high,2008-12-19,216.48
TN,Technology,high,2008-12-12,168.76
FL,Technology,high,2008-12-12,168.76
FL,Supplies,high,2009-01-06,265.88
FL,Other,high,2008-10-18,361.18
FL,Supplies,high,2008-12-02,192.94
FL,Books,high,2008-12-10,323.53
FL,Books,high,2009-01-07,214.11
CA,Supplies,high,2009-01-09,547.06
FL,Supplies,high,2009-01-13,421.18
FL,Technology,low,2008-09-01,300.0
FL,Supplies,high,2009-01-08,462.95
FL,Supplies,high,2008-12-11,320.0
FL,Books,minimal,2008-09-17,205.33
FL,Books,high,2009-01-08,138.83
FL,Supplies,high,2008-07-18,249.0
FL,Supplies,high,2008-07-18,249.0
FL,Other,high,2008-10-16,60.0
FL,Supplies,high,2008-08-06,650.59
FL,Books,high,2008-09-16,140.0
FL,Technology,low,2008-09-18,328.75
NC,Technology,high,2008-10-21,355.29
AR,Books,high,2008-08-05,534.12
TN,Supplies,minimal,2008-10-05,515.29
AZ,Supplies,minimal,2008-10-05,515.29
FL,Supplies,high,2008-08-25,100.0
FL,Technology,high,2008-12-21,1137.5
MI,Technology,high,2008-12-21,1137.5
FL,Other,low,2008-08-11,95.0
FL,Books,high,2008-12-29,350.58
FL,Supplies,high,2009-01-01,195.29
FL,Technology,high,2008-08-01,1111.77
FL,Technology,high,2008-08-01,1111.77
AZ,Technology,high,2008-08-01,1111.77
FL,Technology,high,2008-08-01,1111.77
GA,Technology,high,2008-08-01,1111.77
TN,Technology,high,2008-08-01,1111.77
FL,Other,high,2008-08-02,1056.18
TN,Other,high,2008-08-02,1056.18
FL,Other,high,2008-08-02,1056.18
FL,Other,high,2008-08-02,1056.18
FL,Supplies,high,2008-09-16,302.35
FL,Supplies,high,2008-09-02,80.0
FL,Supplies,high,2008-11-16,223.53
FL,Supplies,high,2008-12-29,298.83
FL,Technology,high,2008-09-02,969.41
FL,Technology,high,2008-09-02,969.41
FL,Technology,high,2008-10-19,257.65
TN,Books,high,2008-12-19,242.65
TN,Books,high,2008-12-19,242.65
TN,Books,high,2008-12-31,228.23
TN,Supplies,high,2008-08-19,588.24
GA,Supplies,high,2008-09-19,332.94
FL,Supplies,high,2008-09-19,332.94
FL,Technology,high,2008-12-11,997.65
TN,Books,high,2008-09-16,414.12
CT,Books,high,2008-09-16,414.12
TN,Technology,high,2008-12-30,240.0
FL,Supplies,low,2008-12-18,125.0
FL,Other,high,2008-09-05,961.17
IN,Other,high,2008-09-05,961.17
VA,Other,high,2008-09-05,961.17
FL,Books,high,2008-12-26,212.95
FL,Books,high,2008-12-14,495.29
FL,Books,high,2008-10-16,548.24
CA,Supplies,high,2008-08-13,110.0
FL,Supplies,high,2008-11-30,537.65
WI,Supplies,high,2008-11-30,537.65
FL,Technology,high,2008-11-20,295.29
FL,Books,high,2008-12-01,935.88
CA,Books,high,2008-12-01,935.88
CO,Other,high,2008-11-29,427.06
FL,Technology,high,2008-11-01,291.76
FL,Technology,high,2008-09-04,35.0
FL,Technology,high,2008-12-14,344.7
NJ,Technology,high,2008-12-14,344.7
FL,Technology,high,2008-12-14,344.7
FL,Supplies,high,2008-11-07,298.83
FL,Supplies,high,2008-11-02,36.0
NJ,Books,high,2008-11-21,301.18
CA,Other,high,2008-09-16,741.18
FL,Supplies,high,2008-09-29,505.88
CA,Other,high,2008-07-31,308.24
CA,Other,high,2008-07-31,308.24
CA,Other,high,2008-10-22,548.24
TN,Technology,high,2008-08-15,936.48
NC,Technology,high,2008-08-15,936.48
MS,Books,high,2008-12-19,1103.53
NC,Books,high,2008-12-22,512.94
IL,Trips,high,2008-12-18,984.7
IL,Supplies,high,2008-12-22,507.06
FL,Supplies,high,2008-10-21,572.94
ME,Technology,high,2008-07-31,357.65
PA,Supplies,low,2008-10-02,275.0
WA,Books,high,2008-08-13,388.71
CA,Books,high,2008-10-19,500.0
NH,Supplies,low,2008-11-10,1282.5
LA,Supplies,low,2008-11-10,1282.5
NC,Supplies,high,2008-09-06,448.23
GA,Other,high,2008-12-04,298.83
NY,Technology,high,2008-08-18,574.11
TN,Books,low,2008-11-02,1131.25
CA,Technology,high,2008-09-18,105.0
NC,Supplies,low,2008-11-10,1022.5
AZ,Technology,high,2008-12-01,338.82
MN,Technology,high,2008-12-01,338.82
TN,Technology,high,2008-08-01,547.64
TN,Supplies,high,2008-08-03,369.41
CA,Technology,minimal,2008-07-28,870.67
NY,Technology,minimal,2008-07-28,870.67
NC,Technology,high,2008-12-16,632.94
TN,Books,high,2008-09-05,154.12
TX,Books,high,2008-11-16,247.06
NY,Books,low,2008-07-31,25.0
MI,Supplies,high,2008-09-21,350.59
CA,Supplies,high,2008-09-21,350.59
CA,Books,high,2008-10-26,162.36
SC,Books,high,2008-10-26,162.36
PA,Supplies,low,2008-10-19,428.75
NC,Technology,high,2008-08-04,314.12
GA,Books,high,2008-08-12,587.06
MA,Books,high,2008-08-12,587.06
IN,Books,high,2008-08-18,267.06
OR,Technology,high,2008-11-16,1700.0
LA,Technology,high,2008-11-16,1700.0
NY,Technology,high,2008-11-16,1700.0
PA,Technology,high,2008-11-16,1700.0
CA,Books,high,2008-08-13,281.18
CA,Supplies,low,2008-10-19,503.76
MN,Books,high,2008-10-13,478.83
WA,Other,low,2008-08-12,485.0
IL,Other,high,2008-12-04,323.53
NC,Other,high,2008-10-21,160.0
OK,Supplies,high,2008-09-24,177.65
CA,Technology,high,2008-07-29,100.0
NC,Books,high,2008-12-02,510.59
NC,Books,high,2008-11-24,383.53
CA,Books,high,2008-07-08,851.17
CA,Books,high,2008-07-08,851.17
NC,Books,high,2008-09-15,467.06
CA,Supplies,low,2008-09-15,463.0
CA,Technology,high,2008-11-18,1068.82
MI,Supplies,high,2008-09-04,189.41
VA,Technology,high,2008-08-21,336.47
NJ,Other,high,2008-09-19,710.58
NY,Supplies,high,2008-09-20,542.5
NY,Supplies,high,2008-08-20,578.82
IL,Technology,high,2008-08-24,448.24
FL,Books,high,2008-12-03,176.47
ID,Books,high,2008-09-21,332.95
CA,Supplies,high,2008-09-06,307.05
CA,Technology,low,2008-10-27,320.0
CA,Books,high,2008-11-22,329.41
TN,Books,high,2008-10-10,697.65
MI,Other,high,2008-08-22,501.47
NY,Technology,low,2008-11-18,211.25
AL,Technology,high,2008-11-18,708.23
CT,Supplies,high,2008-11-22,152.94
TX,Other,high,2008-10-14,569.41
PA,Other,low,2008-10-24,100.0
MA,Supplies,minimal,2008-11-22,182.5
FL,Books,high,2008-07-31,502.06
WA,Supplies,low,2008-10-06,223.75
CA,Supplies,high,2008-07-22,664.7
VA,Technology,high,2008-10-08,1050.58
CA,Technology,high,2008-11-19,263.53
IL,Supplies,high,2008-10-29,520.0
MN,Supplies,high,2008-10-29,520.0
CA,Supplies,high,2008-10-25,548.24
PA,Books,high,2008-09-24,532.95
WA,Supplies,high,2008-09-21,362.35
TX,Supplies,high,2008-09-11,424.71
CA,Supplies,high,2008-09-19,290.59
WI,Supplies,high,2008-10-12,524.7
CA,Supplies,high,2008-10-12,524.7
AZ,Technology,high,2008-10-08,1078.83
SC,Technology,high,2008-10-08,1078.83
NJ,Books,high,2008-11-16,388.24
MN,Books,high,2008-07-25,302.36
CA,Books,high,2008-07-18,390.59
IL,Books,high,2008-08-10,498.82
PA,Technology,high,2008-11-03,541.18
MN,Technology,high,2008-09-28,440.0
OR,Supplies,high,2008-10-31,250.88
MN,Supplies,high,2008-09-24,709.41
PA,Technology,high,2008-10-19,549.41
IL,Books,high,2008-07-29,1068.24
SC,Books,high,2008-09-21,383.53
MN,Supplies,high,2008-09-15,451.76
IL,Supplies,high,2008-09-10,337.65
MA,Supplies,low,2008-07-01,549.41
AL,Supplies,low,2008-08-10,168.75
CA,Technology,high,2008-10-19,1100.0
FL,Technology,high,2008-10-19,1100.0
MN,Technology,high,2008-10-19,1100.0
CA,Technology,high,2008-10-19,1100.0
WA,Technology,high,2008-10-19,1100.0
IL,Supplies,high,2008-09-02,157.65
TX,Supplies,high,2008-10-31,123.53
IL,Supplies,high,2008-07-15,432.93
WV,Technology,high,2008-10-19,812.95
MN,Technology,high,2008-10-19,812.95
AL,Books,high,2008-10-14,642.36
NY,Books,high,2008-07-08,305.0
NJ,Books,high,2008-07-28,174.12
MI,Supplies,high,2008-10-13,272.94
SC,Supplies,high,2008-11-03,271.76
PA,Supplies,high,2008-10-06,168.24
TN,Supplies,high,2008-10-19,472.94
DE,Supplies,high,2008-08-15,411.76
MN,Technology,high,2008-09-19,336.47
DE,Supplies,high,2008-07-10,3656.18
IN,Supplies,high,2008-07-10,3656.18
MI,Supplies,high,2008-07-10,3656.18
SD,Supplies,high,2008-07-10,3656.18
OH,Supplies,high,2008-10-03,444.7
AZ,Books,high,2008-10-27,1011.76
TN,Other,high,2008-09-16,301.18
NJ,Books,high,2008-10-10,375.29
IL,Supplies,high,2008-08-15,1860.0
DE,Supplies,high,2008-08-15,1860.0
UT,Supplies,high,2008-08-15,1860.0
CO,Supplies,high,2008-08-15,1860.0
PA,Supplies,high,2008-08-15,1860.0
NJ,Supplies,high,2008-09-15,877.65
GA,Books,high,2008-08-25,490.0
NC,Other,high,2008-08-07,1038.82
WI,Other,high,2008-08-07,1038.82
IN,Other,high,2008-08-07,1038.82
FL,Other,high,2008-08-07,1038.82
PA,Other,high,2008-08-07,1038.82
MI,Other,high,2008-08-07,1038.82
MI,Technology,high,2008-10-05,420.0
NC,Books,high,2008-08-10,1087.06
NH,Books,high,2008-08-10,1087.06
DC,Technology,high,2008-08-03,823.53
AZ,Technology,high,2008-09-22,468.53
OR,Technology,high,2008-09-22,468.53
CA,Technology,high,2008-09-15,927.06
MN,Supplies,low,2008-09-29,347.0
SD,Books,high,2008-09-16,512.94
TN,Supplies,high,2008-10-05,163.53
NY,Supplies,high,2008-08-21,1112.94
FL,Supplies,high,2008-08-21,1112.94
NC,Supplies,high,2008-08-21,1112.94
PA,Books,high,2008-10-14,168.24
IL,Books,high,2008-08-25,241.18
WA,Supplies,high,2008-07-19,807.93
MN,Supplies,high,2008-05-29,263.38
MO,Supplies,high,2008-05-29,263.38
NC,Technology,high,2008-07-27,715.29
CA,Other,high,2008-08-23,25.0
FL,Other,low,2008-06-13,498.82
MA,Books,high,2008-10-05,592.94
IA,Other,high,2008-05-07,350.59
CA,Other,high,2008-05-02,500.0
OH,Books,high,2008-08-22,435.0
MO,Books,high,2008-05-02,364.71
IL,Books,high,2008-05-02,364.71
NJ,Books,high,2008-09-09,577.65
IN,Supplies,high,2008-09-19,296.47
NY,Supplies,high,2008-09-19,296.47
CA,Books,high,2008-09-24,536.47
CT,Supplies,high,2008-09-15,572.95
NY,Technology,low,2008-08-18,256.76
CT,Technology,low,2008-08-18,256.76
OK,Other,low,2008-09-15,473.5
MN,Technology,high,2008-08-14,655.29
FL,Supplies,high,2008-09-14,370.59
CA,Supplies,high,2008-08-14,217.65
CA,Books,high,2008-09-08,375.3
TN,Books,high,2008-09-08,375.3
WI,Supplies,high,2008-09-21,508.24
NJ,Books,high,2008-08-07,431.76
FL,Books,high,2008-09-17,324.71
AL,Books,high,2008-07-17,394.12
NH,Supplies,high,2008-05-27,55.0
FL,Supplies,high,2008-05-27,55.0
CA,Books,high,2008-01-25,90.0
PA,Books,high,2008-08-14,203.82
GA,Technology,high,2008-09-04,301.18
FL,Books,high,2008-09-08,501.18
PA,Books,high,2008-09-08,501.18
TX,Supplies,high,2008-08-12,25.0
NJ,Books,high,2008-07-09,224.71
WA,Supplies,high,2008-06-20,125.59
FL,Supplies,high,2008-01-21,546.47
LA,Other,high,2008-01-21,415.29
NC,Supplies,high,2008-09-02,548.24
CA,Technology,high,2008-09-04,554.71
PA,Supplies,high,2008-07-21,155.0
NC,Books,low,2008-08-06,178.82
AZ,Technology,low,2008-08-26,147.33
CA,Technology,high,2008-06-19,441.18
NY,Other,high,2008-07-22,243.53
TX,Books,high,2008-01-26,477.65
VA,Supplies,high,2008-08-10,312.12
CA,Technology,high,2008-07-18,1737.95
FL,Technology,high,2008-01-11,469.41
CA,Technology,high,2008-06-25,1110.59
CA,Technology,low,2008-05-28,232.5
FL,Technology,high,2008-03-03,125.0
NY,Supplies,high,2008-03-31,369.75
TX,Supplies,high,2008-03-31,369.75
OR,Supplies,high,2008-07-25,209.41
OR,Books,high,2008-06-22,401.17
CA,Supplies,high,2008-05-30,183.53
DC,Books,high,2008-07-01,206.46
PA,Supplies,high,2008-07-06,319.41
WI,Other,high,2008-07-07,655.0
MI,Books,high,2007-12-03,50.0
CT,Supplies,minimal,2008-01-02,40.0
NY,Books,high,2008-03-06,379.41
MD,Supplies,high,2008-07-18,616.01
CA,Other,high,2007-11-25,190.0
NC,Supplies,high,2008-07-18,613.34
CA,Supplies,high,2008-03-10,189.41
WI,Supplies,high,2007-12-19,164.7
CA,Supplies,high,2008-03-17,248.23
OK,Supplies,high,2008-02-08,373.53
GA,Other,high,2008-04-29,174.12
CA,Supplies,high,2008-04-20,476.48
MD,Books,high,2008-05-16,115.29
MI,Technology,high,2008-02-13,13.0
WY,Other,low,2008-02-13,174.41
TN,Supplies,high,2007-12-17,1047.06
MI,Supplies,high,2008-04-22,389.41
CA,Technology,high,2008-03-01,843.53
NC,Books,low,2008-02-05,615.0
WA,Technology,minimal,2008-05-19,602.67
CA,Technology,high,2008-02-11,50.0
CA,Technology,high,2007-10-10,270.0
OH,Technology,high,2008-01-07,748.55
MO,Technology,high,2007-12-03,564.71
CA,Supplies,high,2008-02-24,450.0
IL,Supplies,high,2008-02-05,413.75
NY,Other,high,2008-04-04,423.53
ME,Supplies,high,2008-04-02,352.94
TX,Supplies,high,2008-04-11,272.94
MI,Books,high,2008-01-03,1011.44
CA,Books,high,2008-04-09,235.29
OH,Trips,high,2008-02-28,7992.35
MI,Books,high,2008-03-13,471.0
CA,Books,high,2008-03-13,471.0
MI,Technology,high,2008-03-30,448.24
IA,Supplies,high,2008-03-06,477.65
CA,Supplies,high,2008-02-04,522.35
MI,Technology,high,2007-09-27,829.41
OK,Other,high,2008-01-31,868.82
MA,Supplies,high,2008-02-21,25.0
CA,Technology,high,2008-03-22,527.06
FL,Books,high,2008-02-25,397.65
OK,Supplies,high,2008-03-03,262.35
MD,Supplies,low,2007-09-20,245.0
FL,Technology,high,2007-11-21,205.88
PA,Supplies,high,2008-02-05,342.79
AZ,Supplies,high,2008-02-26,297.65
CA,Books,high,2008-01-23,211.18
NY,Supplies,high,2007-12-11,371.76
MI,Books,high,2008-01-28,1088.24
MI,Supplies,high,2008-01-22,121.18
NJ,Other,high,2008-01-21,492.94
TX,Books,low,2007-10-09,973.88
AZ,Books,low,2007-10-09,973.88
IL,Supplies,high,2008-01-07,421.18
MD,Other,high,2007-10-15,801.18
NC,Supplies,high,2008-01-06,389.12
CA,Books,high,2008-01-07,216.47
CO,Books,high,2007-11-21,1046.47
WA,Books,high,2007-12-01,524.71
FL,Supplies,high,2007-10-01,561.18
NY,Supplies,high,2007-11-28,259.12
MD,Supplies,high,2007-09-21,380.0
CT,Supplies,high,2007-09-12,777.06
MI,Supplies,high,2007-09-18,336.47
MI,Supplies,low,2007-10-24,150.0
OR,Technology,high,2007-11-13,396.47
IL,Supplies,high,2007-11-29,1034.12
TX,Books,low,2007-12-25,351.76
WA,Other,high,2007-12-24,365.88
NY,Technology,high,2007-10-08,125.0
CT,Technology,high,2007-11-20,540.29
IL,Other,high,2007-11-09,549.41
NJ,Supplies,unknown,2007-12-05,530.59
CA,Books,high,2007-12-16,270.59
MA,Supplies,high,2007-12-17,183.53
CA,Supplies,low,2007-11-29,236.25
MD,Technology,low,2007-12-18,343.88
MO,Supplies,high,2007-12-17,217.64
NY,Supplies,minimal,2007-12-18,480.0
GA,Supplies,minimal,2007-12-18,480.0
CA,Supplies,high,2007-12-09,216.47
TN,Technology,high,2007-12-05,483.53
ME,Supplies,high,2007-11-20,337.5
ME,Supplies,high,2007-10-24,468.24
CA,Technology,high,2007-11-14,243.53
NY,Books,low,2007-10-08,100.0
FL,Technology,minimal,2007-12-09,746.67
NV,Books,high,2007-12-09,425.0
CT,Supplies,high,2007-11-03,241.17
NC,Supplies,high,2007-12-03,349.41
FL,Technology,high,2007-10-01,949.41
MD,Supplies,high,2007-09-21,836.47
NC,Supplies,high,2007-09-22,320.0
IA,Technology,high,2007-11-28,1078.82
NY,Supplies,high,2007-09-07,427.06
CA,Books,high,2007-11-18,990.88
DC,Supplies,high,2007-09-23,280.15
IN,Books,high,2007-10-22,548.24
CA,Books,high,2007-11-15,514.12
CA,Books,high,2007-10-26,520.9
CA,Supplies,high,2007-11-13,442.36
CA,Technology,high,2007-11-07,1105.0
IL,Books,high,2007-10-30,289.41
VA,Books,high,2007-11-01,139.48
CA,Supplies,high,2007-09-04,270.59
KY,Other,high,2007-11-04,100.0
TX,Supplies,low,2007-09-27,133.75
CT,Supplies,high,2007-10-25,295.0
HI,Other,high,2007-10-28,471.76
CA,Supplies,high,2007-10-30,178.82
VA,Books,high,2007-09-13,661.18
VA,Supplies,high,2007-10-10,250.0
CA,Technology,minimal,2007-09-10,523.33
IL,Other,high,2007-09-14,164.71
IL,Supplies,high,2007-10-04,1070.59
TX,Other,low,2007-10-02,708.81
PA,Technology,high,2007-09-14,134.11
NH,Other,low,2007-09-19,316.25
